Player,Nation,POS,Age,90s,Total_Cmp,Total_Att,Total_Cmp%,Total_TotDist,Total_PrgDist,Short_Cmp,Short_Att,Short_Cmp%,Medium_Cmp,Medium_Att,Medium_Cmp%,Long_Cmp,Long_Att,Long_Cmp%,AST,xAG,xA,A-xAG,KP,1/3,PPA,CrsPA,PrgP,Team
Drake Callender,USA,GK,26,22.0,577,719,80.3,13236,8777,145,146,99.3,304,309,98.4,125,261,47.9,0,0.0,0.0,0.0,0,2,0,0,0,Inter Miami
Julian Gressel,USA,MF,30,19.0,735,941,78.1,12574,3388,356,406,87.7,295,348,84.8,67,125,53.6,8,5.1,4.2,2.9,35,76,17,8,77,Inter Miami
Sergio Busquets,ESP,MF,35,20.3,1384,1580,87.6,23323,8688,627,685,91.5,584,642,91.0,120,162,74.1,4,2.4,2.6,1.6,19,125,10,0,128,Inter Miami
Tomás Avilés,ARG,DF,20,17.0,1070,1177,90.9,20843,6615,324,349,92.8,641,667,96.1,96,137,70.1,0,0.2,0.2,-0.2,2,45,1,1,47,Inter Miami
Robert Taylor,FIN,FW,29,14.5,392,491,79.8,5665,1258,234,261,89.7,127,151,84.1,19,39,48.7,2,3.0,2.1,-1.0,19,15,12,3,32,Inter Miami
Jordi Alba,ESP,DF,35,15.6,1020,1249,81.7,17197,5918,520,573,90.8,394,463,85.1,88,147,59.9,5,3.7,3.4,1.3,28,77,37,8,113,Inter Miami
Marcelo Weigandt,ARG,DF,24,14.4,624,744,83.9,9262,2738,349,377,92.6,238,272,87.5,22,55,40.0,0,1.0,0.9,-1.0,10,17,15,7,34,Inter Miami
Serhiy Kryvtsov,UKR,DF,33,13.0,778,846,92.0,14880,4804,225,238,94.5,486,511,95.1,57,80,71.3,0,0.0,0.2,0.0,1,18,0,0,26,Inter Miami
Luis Suárez,URU,FW,37,12.8,292,393,74.3,4066,765,171,214,79.9,81,112,72.3,18,24,75.0,5,3.9,2.0,1.1,20,16,15,1,40,Inter Miami
Lionel Messi,ARG,FW,37,11.5,480,621,77.3,8107,2971,258,288,89.6,158,195,81.0,50,91,54.9,10,3.2,3.6,6.8,23,72,40,1,117,Inter Miami
Leonardo Campana,ECU,FW,23,11.2,215,291,73.9,3018,416,122,157,77.7,62,81,76.5,13,18,72.2,1,1.1,1.9,-0.1,8,11,8,2,23,Inter Miami
David Ruiz,HON,MF,20,9.8,456,525,86.9,7005,1542,254,271,93.7,170,191,89.0,23,38,60.5,2,0.5,0.7,1.5,5,28,4,1,36,Inter Miami
Ben Cremaschi,USA,MF,19,9.3,376,441,85.3,5431,1234,218,238,91.6,135,153,88.2,10,22,45.5,1,0.9,0.6,0.1,9,21,7,0,41,Inter Miami
Diego Gómez,PAR,MF,21,8.9,301,375,80.3,5069,1383,147,169,87.0,109,126,86.5,33,46,71.7,1,2.0,2.7,-1.0,10,30,8,0,38,Inter Miami
Nicolás Freire,ARG,DF,30,8.2,632,697,90.7,11848,4195,202,216,93.5,381,404,94.3,42,64,65.6,0,0.0,0.2,0.0,0,26,1,0,40,Inter Miami
Franco Negri,ARG,DF,29,6.8,284,354,80.2,4415,1513,156,175,89.1,107,133,80.5,17,34,50.0,1,0.5,0.8,0.5,6,24,8,5,22,Inter Miami
Federico Redondo,ARG,MF,21,5.1,330,369,89.4,5552,1756,157,172,91.3,135,149,90.6,32,36,88.9,1,0.3,0.4,0.7,5,41,3,0,37,Inter Miami
Yannick Bright,ITA,MF,22,6.3,270,326,82.8,4407,1141,130,146,89.0,116,134,86.6,17,27,63.0,1,0.4,0.1,0.6,2,18,0,0,20,Inter Miami
Noah Allen,USA,DF,20,5.7,321,376,85.4,5770,1839,131,141,92.9,159,168,94.6,26,53,49.1,0,0.1,0.2,-0.1,3,23,1,0,22,Inter Miami
Matías Rojas,PAR,FW,28,5.5,212,265,80.0,3445,882,117,127,92.1,67,88,76.1,17,28,60.7,1,0.7,0.5,0.3,3,25,1,0,21,Inter Miami
DeAndre Yedlin,USA,DF,31,3.0,115,134,85.8,1725,349,70,76,92.1,37,43,86.0,7,11,63.6,0,0.0,0.0,0.0,0,3,1,0,3,Inter Miami
Lawson Sunderland,USA,MF,22,2.1,99,113,87.6,1450,316,58,66,87.9,30,33,90.9,7,7,100.0,1,1.0,0.6,0.0,4,10,2,2,11,Inter Miami
Ryan Sailor,USA,DF,25,3.4,165,192,85.9,3388,862,42,49,85.7,103,111,92.8,20,30,66.7,0,0.0,0.0,0.0,0,9,1,0,13,Inter Miami
Ian Fray,USA,DF,21,1.6,62,72,86.1,1171,322,25,28,89.3,27,31,87.1,8,10,80.0,0,0.4,0.2,-0.4,3,5,1,1,3,Inter Miami
Leonardo Afonso,BRA,FW,23,2.4,54,87,62.1,785,162,26,38,68.4,18,24,75.0,4,7,57.1,0,0.2,0.3,-0.2,4,4,2,0,6,Inter Miami
Shanyder Borgelin,HAI,FW,22,1.5,16,31,51.6,207,5,9,16,56.3,4,5,80.0,1,4,25.0,0,0.0,0.1,0.0,0,1,0,0,0,Inter Miami
C.J. dos Santos,USA,GK,23,1.0,33,36,91.7,818,509,5,5,100.0,20,20,100.0,8,11,72.7,0,0.0,0.0,0.0,0,0,0,0,0,Inter Miami
Jose Casas de Abadal,USA,FW,24,0.3,23,30,76.7,362,114,9,12,75.0,12,13,92.3,1,2,50.0,0,0.0,0.0,0.0,0,4,0,0,3,Inter Miami
Jean Mota,BRA,MF,30,0.3,10,13,76.9,135,28,5,5,100.0,4,5,80.0,0,0,,0,0.0,0.0,0.0,0,1,0,0,1,Inter Miami
Pavel Bucha,CZE,MF,26,22.5,974,1107,88.0,15492,4329,509,556,91.5,371,412,90.0,67,82,81.7,2,0.9,1.7,1.1,14,85,20,1,120,FC Cincinnati
Luciano Acosta,ARG,MF,30,22.1,896,1219,73.5,15452,5615,473,569,83.1,298,370,80.5,103,189,54.5,15,9.8,10.5,5.2,82,116,81,7,195,FC Cincinnati
Luca Orellano,ARG,DF,24,20.0,776,1019,76.2,12430,3891,433,498,86.9,264,333,79.3,58,114,50.9,4,5.2,4.9,-1.2,35,58,39,16,76,FC Cincinnati
Roman Celentano,USA,GK,23,19.0,421,547,77.0,9974,6986,123,123,100.0,195,201,97.0,99,212,46.7,0,0.0,0.0,0.0,0,0,0,0,0,FC Cincinnati
Obinna Nwobodo,NGA,MF,27,16.7,677,798,84.8,11667,3111,302,335,90.1,303,338,89.6,56,80,70.0,1,0.6,0.6,0.4,12,69,2,0,65,FC Cincinnati
Ian Murphy,USA,DF,24,18.2,975,1138,85.7,16938,6587,373,393,94.9,553,607,91.1,43,101,42.6,0,0.1,0.2,-0.1,2,71,1,0,76,FC Cincinnati
Yuya Kubo,JPN,FW,30,17.0,488,595,82.0,7633,2074,245,279,87.8,196,218,89.9,27,42,64.3,0,1.6,1.6,-1.6,16,26,9,0,44,FC Cincinnati
Miles Robinson,USA,DF,27,16.8,848,984,86.2,16771,6809,250,270,92.6,519,561,92.5,75,132,56.8,0,1.2,0.9,-1.2,6,71,3,0,62,FC Cincinnati
Matt Miazga,USA,DF,28,15.7,868,1016,85.4,18568,7118,172,196,87.8,587,638,92.0,104,166,62.7,0,0.1,0.1,-0.1,1,38,1,0,36,FC Cincinnati
DeAndre Yedlin,USA,DF,31,15.4,650,795,81.8,10871,3944,312,356,87.6,281,324,86.7,45,79,57.0,3,3.0,2.3,0.0,15,31,15,3,47,FC Cincinnati
Corey Baird,USA,FW,28,9.1,133,173,76.9,1695,291,77,94,81.9,42,47,89.4,2,4,50.0,2,0.9,1.1,1.1,12,7,6,0,17,FC Cincinnati
Kevin Kelsy,VEN,FW,19,8.1,105,147,71.4,1337,223,63,80,78.8,26,37,70.3,4,7,57.1,0,0.8,0.4,-0.8,7,6,4,0,11,FC Cincinnati
Gerardo Valenzuela,USA,FW,20,8.6,242,294,82.3,3788,909,132,147,89.8,76,92,82.6,23,32,71.9,1,1.1,1.5,-0.1,8,17,13,2,33,FC Cincinnati
Kipp Keller,USA,DF,24,7.2,402,467,86.1,7855,2521,121,132,91.7,249,272,91.5,31,49,63.3,0,0.0,0.0,0.0,1,18,0,0,22,FC Cincinnati
Nick Hagglund,USA,DF,31,5.1,239,293,81.6,4424,1924,84,97,86.6,142,152,93.4,12,33,36.4,0,0.0,0.0,0.0,0,22,0,0,23,FC Cincinnati
Alvas Powell,JAM,DF,29,4.3,156,204,76.5,3233,1073,40,49,81.6,92,107,86.0,22,39,56.4,0,0.1,0.1,-0.1,1,10,1,0,14,FC Cincinnati
Aaron Boupendza,GAB,FW,27,5.8,88,130,67.7,1204,318,54,73,74.0,24,37,64.9,4,8,50.0,0,0.2,0.3,-0.2,4,8,1,0,8,FC Cincinnati
Sergio Santos Gomes,BRA,FW,29,6.3,131,183,71.6,1699,331,82,99,82.8,36,42,85.7,5,11,45.5,1,0.6,0.8,0.4,10,4,5,2,16,FC Cincinnati
Yamil Asad,ARG,DF,29,4.6,269,341,78.9,4189,1369,159,180,88.3,83,115,72.2,20,27,74.1,5,2.0,1.0,3.0,15,14,14,0,32,FC Cincinnati
Alec Kann,USA,GK,33,3.0,63,82,76.8,1504,945,16,16,100.0,30,30,100.0,15,34,44.1,0,0.0,0.0,0.0,0,0,0,0,0,FC Cincinnati
Bret Halsey,USA,DF,24,4.2,193,249,77.5,3128,742,100,114,87.7,78,91,85.7,11,26,42.3,0,0.7,0.8,-0.7,8,11,3,1,11,FC Cincinnati
Malik Pinto,USA,MF,21,1.7,73,87,83.9,1286,330,32,36,88.9,35,37,94.6,5,6,83.3,0,0.2,0.1,-0.2,2,6,2,0,9,FC Cincinnati
Evan Louro,USA,GK,28,1.0,17,24,70.8,352,231,7,7,100.0,8,8,100.0,2,8,25.0,0,0.0,0.0,0.0,0,1,0,0,0,FC Cincinnati
Isaiah Foster,USA,DF,20,0.0,1,3,33.3,13,0,1,1,100.0,0,1,0.0,0,1,0.0,0,0.0,0.0,0.0,0,0,0,0,0,FC Cincinnati
Stiven Jimenez,USA,MF,17,0.0,0,0,,0,0,0,0,,0,0,,0,0,,0,0.0,0.0,0.0,0,0,0,0,0,FC Cincinnati
Matt Freese,USA,GK,25,23.0,764,948,80.6,17777,10680,115,115,100.0,534,540,98.9,113,287,39.4,0,0.0,0.0,0.0,0,10,1,0,0,New York City FC
Santiago Rodríguez,URU,MF,24,22.1,881,1162,75.8,14873,4823,425,489,86.9,317,400,79.3,103,179,57.5,4,7.7,6.0,-3.7,56,109,67,8,164,New York City FC
Thiago Martins,BRA,DF,29,21.0,1224,1365,89.7,24124,9007,400,441,90.7,677,710,95.4,136,187,72.7,0,0.5,0.6,-0.5,6,71,3,0,86,New York City FC
Hannes Wolf,AUT,FW,25,18.4,493,654,75.4,6288,1937,306,363,84.3,129,166,77.7,14,33,42.4,6,6.5,4.9,-0.5,42,37,32,2,95,New York City FC
James Sands,USA,MF,24,19.9,1034,1206,85.7,17350,5898,493,552,89.3,450,497,90.5,72,107,67.3,1,0.3,0.8,0.7,7,102,9,2,106,New York City FC
Kevin O'Toole,USA,DF,25,19.0,822,994,82.7,11568,4806,516,564,91.5,256,313,81.8,26,52,50.0,1,1.5,1.5,-0.5,14,55,16,5,75,New York City FC
Birk Risa,NOR,DF,26,18.6,860,1015,84.7,17479,6601,266,286,93.0,490,521,94.0,97,187,51.9,0,0.3,0.6,-0.3,2,45,4,0,59,New York City FC
Keaton Parks,USA,MF,26,18.6,869,1010,86.0,13852,4133,443,497,89.1,318,352,90.3,71,90,78.9,1,2.6,2.1,-1.6,21,95,17,2,109,New York City FC
Mitja Ilenič,SVN,DF,19,12.7,501,683,73.4,7980,3593,281,319,88.1,156,220,70.9,46,92,50.0,0,1.5,1.4,-1.5,10,37,17,9,52,New York City FC
Monsef Bakrar,ALG,FW,23,12.2,124,199,62.3,1585,352,79,107,73.8,33,51,64.7,3,6,50.0,0,0.5,0.8,-0.5,9,14,7,2,18,New York City FC
Tayvon Gray,JAM,DF,21,11.0,475,611,77.7,7303,2636,257,284,90.5,174,223,78.0,26,65,40.0,5,2.5,2.0,2.5,13,35,15,9,49,New York City FC
Andrés Perea,USA,MF,23,10.4,350,430,81.4,5061,1696,192,213,90.1,112,139,80.6,21,33,63.6,1,0.8,1.3,0.2,8,33,4,0,36,New York City FC
Alonso Martínez,CRC,FW,25,8.8,130,170,76.5,1564,293,76,94,80.9,26,38,68.4,7,9,77.8,2,0.6,0.3,1.4,6,3,2,0,10,New York City FC
Agustin Ojeda,ARG,FW,20,8.2,265,323,82.0,3536,836,173,192,90.1,67,87,77.0,12,16,75.0,0,1.4,0.9,-1.4,12,20,9,2,26,New York City FC
Strahinja Tanasijević,SRB,DF,27,7.0,354,402,88.1,6535,2309,138,151,91.4,174,187,93.0,35,51,68.6,0,0.4,0.4,-0.4,2,14,0,0,18,New York City FC
Julián Fernández,ARG,FW,20,5.7,178,250,71.2,2593,652,112,131,85.5,47,64,73.4,12,33,36.4,2,1.2,1.5,0.8,11,10,9,3,23,New York City FC
Malachi Jones,SLE,FW,20,5.4,96,141,68.1,1523,426,53,72,73.6,27,37,73.0,11,21,52.4,1,0.8,0.5,0.2,6,6,4,2,9,New York City FC
Jovan Mijatović,SRB,FW,19,2.5,31,46,67.4,508,108,14,21,66.7,12,16,75.0,3,5,60.0,0,0.1,0.1,-0.1,2,4,1,0,7,New York City FC
Maximiliano Moralez,ARG,MF,37,2.2,142,175,81.1,2361,764,69,76,90.8,51,63,81.0,17,26,65.4,2,1.8,0.8,0.2,10,22,10,2,31,New York City FC
Andres Jasson,USA,MF,22,1.7,46,54,85.2,592,96,28,29,96.6,16,16,100.0,0,0,,0,0.0,0.1,0.0,0,1,0,0,2,New York City FC
Christian McFarlane, ENG,DF,17,1.2,33,44,75.0,502,160,19,23,82.6,14,17,82.4,0,1,0.0,0,0.0,0.1,0.0,2,1,2,1,2,New York City FC
Justin Haak,USA,MF,22,2.3,88,106,83.0,1395,555,44,48,91.7,37,42,88.1,4,9,44.4,0,0.1,0.1,-0.1,2,9,2,1,14,New York City FC
Talles Magno,BRA,MF,22,0.1,4,7,57.1,47,12,4,6,66.7,0,1,0.0,0,0,,0,0.0,0.0,0.0,0,0,0,0,0,New York City FC
Diego Rossi,URU,MF,26,19.0,620,772,80.3,9144,2383,350,380,92.1,197,240,82.1,41,89,46.1,6,3.9,3.9,2.1,34,47,20,1,95,Columbus Crew
Patrick Schulte,USA,GK,23,19.0,568,680,83.5,12949,9123,156,157,99.4,287,297,96.6,117,217,53.9,0,0.0,0.0,0.0,0,10,0,0,0,Columbus Crew
Darlington Nagbe,USA,MF,33,17.7,1034,1080,95.7,15843,3525,550,572,96.2,419,428,97.9,42,45,93.3,1,0.8,0.9,0.2,14,78,6,1,83,Columbus Crew
Rudy Camacho,FRA,DF,33,16.0,1031,1157,89.1,18261,8409,418,436,95.9,514,567,90.7,88,129,68.2,0,0.2,0.2,-0.2,3,48,1,0,48,Columbus Crew
Steven Moreira,CPV,DF,29,16.4,1076,1205,89.3,17731,5815,522,548,95.3,479,521,91.9,57,92,62.0,2,2.3,1.2,-0.3,15,105,9,5,96,Columbus Crew
Malte Amundsen,DEN,DF,26,16.0,1049,1211,86.6,17733,7447,486,521,93.3,468,517,90.5,73,122,59.8,2,0.8,1.1,1.2,13,119,17,4,97,Columbus Crew
Cucho,COL,FW,25,14.6,396,607,65.2,7444,2402,178,238,74.8,133,199,66.8,69,101,68.3,6,4.1,3.6,1.9,32,58,35,7,103,Columbus Crew
Aidan Morris,USA,MF,22,14.2,1127,1223,92.2,18336,4850,561,582,96.4,467,500,93.4,70,90,77.8,2,0.7,1.3,1.3,10,121,7,2,130,Columbus Crew
Sean Zawadzki,USA,MF,24,13.7,766,847,90.4,12545,4321,384,412,93.2,325,342,95.0,46,63,73.0,1,1.3,0.6,-0.3,6,66,6,0,66,Columbus Crew
Mohamed Farsi,CAN,DF,24,13.5,653,755,86.5,9945,2364,384,409,93.9,218,255,85.5,33,48,68.8,1,1.5,1.4,-0.5,16,29,18,8,37,Columbus Crew
Maximilian Arfsten,USA,DF,23,12.4,504,611,82.5,7743,1920,293,324,90.4,171,212,80.7,29,47,61.7,2,3.2,2.2,-1.2,18,27,13,6,42,Columbus Crew
Yaw Yeboah,GHA,DF,27,10.5,423,504,83.9,5570,1588,274,299,91.6,130,154,84.4,3,15,20.0,5,3.0,2.6,2.0,23,15,20,3,43,Columbus Crew
Yevhen Cheberko,UKR,DF,26,10.2,789,860,91.7,13108,5735,364,377,96.6,367,387,94.8,44,71,62.0,0,0.3,0.2,-0.3,3,58,1,0,53,Columbus Crew
Christian Ramirez,USA,FW,33,9.0,212,277,76.5,2966,947,123,150,82.0,65,81,80.2,9,21,42.9,2,2.9,1.5,-0.9,16,20,12,3,32,Columbus Crew
Alexandru Mățan,ROU,MF,24,7.5,353,389,90.7,5057,1188,206,214,96.3,115,130,88.5,15,20,75.0,1,0.4,0.9,0.6,9,34,8,2,51,Columbus Crew
Jacen Russell-Rowe,CAN,FW,21,8.0,137,199,68.8,1999,465,74,101,73.3,51,66,77.3,5,10,50.0,0,0.8,0.8,-0.8,12,13,6,0,22,Columbus Crew
Marino Hinestroza,COL,MF,22,3.9,147,176,83.5,1920,337,93,103,90.3,44,57,77.2,3,3,100.0,0,0.2,0.5,-0.2,4,7,7,1,11,Columbus Crew
William Sands,USA,DF,24,2.8,126,140,90.0,1875,326,70,74,94.6,43,47,91.5,7,10,70.0,0,0.1,0.2,-0.1,2,3,2,1,7,Columbus Crew
Evan Bush,USA,GK,38,1.4,42,56,75.0,867,586,16,16,100.0,17,19,89.5,8,19,42.1,0,0.0,0.0,0.0,0,0,0,0,0,Columbus Crew
Derrick Jones,USA,MF,27,1.8,149,165,90.3,2279,435,71,76,93.4,68,72,94.4,4,7,57.1,0,0.0,0.1,0.0,0,12,1,0,4,Columbus Crew
Philip Quinton,USA,DF,24,1.0,45,52,86.5,825,399,18,21,85.7,24,27,88.9,3,4,75.0,0,0.0,0.0,0.0,0,1,0,0,0,Columbus Crew
Taha Habroune,USA,MF,18,0.9,40,47,85.1,494,114,29,31,93.5,7,8,87.5,2,3,66.7,0,0.1,0.0,-0.1,2,6,1,0,3,Columbus Crew
Nicholas Hagen,GUA,GK,27,0.6,15,25,60.0,495,406,0,1,0.0,9,9,100.0,6,15,40.0,0,0.0,0.0,0.0,0,0,0,0,0,Columbus Crew
Cole Mrowka,USA,MF,18,0.0,2,2,100.0,61,32,0,0,,1,1,100.0,1,1,100.0,0,0.0,0.0,0.0,0,1,0,0,0,Columbus Crew
Dante Vanzeir,BEL,FW,26,15.7,186,309,60.2,2687,781,114,160,71.3,51,85,60.0,12,23,52.2,7,3.5,2.3,3.5,25,17,14,4,29,New York Red Bulls
Sean Nealis,USA,DF,27,18.6,799,923,86.6,14899,5264,290,313,92.7,446,482,92.5,57,113,50.4,2,0.8,0.8,1.2,3,38,2,0,60,New York Red Bulls
Dylan Nealis,USA,DF,25,18.2,711,937,75.9,12543,4342,317,364,87.1,318,393,80.9,60,129,46.5,2,1.8,2.2,0.2,23,61,17,5,82,New York Red Bulls
Frankie Amaya,USA,MF,23,17.9,684,850,80.5,12435,3880,307,354,86.7,297,338,87.9,72,130,55.4,2,1.0,1.1,1.0,17,125,9,2,103,New York Red Bulls
Noah Eile,SWE,DF,21,17.9,987,1134,87.0,20502,7739,309,335,92.2,537,573,93.7,137,212,64.6,1,1.1,1.0,-0.1,6,87,6,0,75,New York Red Bulls
Daniel Edelman,USA,MF,21,17.8,841,995,84.5,14604,4257,366,412,88.8,394,441,89.3,65,102,63.7,0,1.0,1.4,-1.0,19,127,11,0,124,New York Red Bulls
John Tolkin,USA,DF,21,17.6,703,941,74.7,13084,4638,333,372,89.5,261,335,77.9,97,195,49.7,0,2.4,2.5,-2.4,35,56,20,10,61,New York Red Bulls
Carlos Coronel,PAR,GK,27,17.0,368,581,63.3,10832,8170,67,67,100.0,174,175,99.4,127,338,37.6,0,0.0,0.0,0.0,0,8,0,0,0,New York Red Bulls
Lewis Morgan, SCO,FW,27,16.8,325,458,71.0,5182,1348,166,209,79.4,122,159,76.7,24,51,47.1,2,2.9,2.7,-0.9,24,40,21,8,53,New York Red Bulls
Wikelman Carmona,VEN,MF,21,15.6,422,541,78.0,6854,1981,225,257,87.5,152,180,84.4,33,67,49.3,3,2.7,2.4,0.3,21,48,15,5,56,New York Red Bulls
Emil Forsberg,SWE,MF,32,12.7,360,464,77.6,6045,1826,182,205,88.8,143,170,84.1,28,63,44.4,4,3.0,1.8,1.0,29,51,30,1,74,New York Red Bulls
Elias Manoel,BRA,FW,22,11.6,123,190,64.7,1879,318,63,91,69.2,47,60,78.3,7,16,43.8,0,0.5,0.8,-0.5,6,9,4,0,13,New York Red Bulls
Kyle Duncan,USA,DF,26,10.8,370,513,72.1,5700,1953,201,237,84.8,139,194,71.6,18,45,40.0,1,0.8,0.8,0.2,7,22,8,2,27,New York Red Bulls
Andrés Reyes,COL,DF,24,9.4,319,385,82.9,6189,2497,99,108,91.7,181,202,89.6,34,63,54.0,0,0.0,0.1,0.0,1,21,0,0,28,New York Red Bulls
Cameron Harper,USA,MF,22,8.5,116,213,54.5,2009,857,50,74,67.6,58,98,59.2,7,30,23.3,0,1.9,1.3,-1.9,11,14,12,0,35,New York Red Bulls
Peter Stroud,USA,MF,22,6.7,232,275,84.4,3401,814,138,153,90.2,81,92,88.0,7,18,38.9,0,0.2,0.3,-0.2,3,25,1,0,19,New York Red Bulls
Dennis Gjengaar,NOR,MF,20,6.2,108,155,69.7,1606,456,63,82,76.8,35,43,81.4,6,11,54.5,0,1.0,0.7,-1.0,7,8,6,4,13,New York Red Bulls
Ryan Meara,USA,GK,33,6.0,88,148,59.5,2322,1828,23,23,100.0,40,40,100.0,25,85,29.4,0,0.0,0.0,0.0,0,4,0,0,0,New York Red Bulls
Ronald Donkor,MLI,MF,19,3.5,133,155,85.8,2283,827,54,60,90.0,67,80,83.8,9,12,75.0,0,0.1,0.2,-0.1,1,15,2,0,21,New York Red Bulls
Cory Burke,JAM,FW,32,2.2,24,43,55.8,423,214,11,20,55.0,8,10,80.0,4,7,57.1,1,0.6,0.5,0.4,2,5,1,0,8,New York Red Bulls
Julian Hall,USA,FW,16,0.9,21,28,75.0,287,105,14,18,77.8,5,7,71.4,1,1,100.0,0,0.0,0.0,0.0,0,1,2,1,3,New York Red Bulls
Mohammed Sofo,GHA,MF,19,0.3,8,11,72.7,81,18,8,11,72.7,0,0,,0,0,,0,0.0,0.0,0.0,0,0,0,0,1,New York Red Bulls
Roald Mitchell,USA,FW,21,0.2,1,3,33.3,11,0,1,1,100.0,0,0,,0,1,0.0,0,0.0,0.0,0.0,0,0,0,0,0,New York Red Bulls
Aidan O'Connor,USA,DF,22,0.2,2,5,40.0,30,31,1,1,100.0,1,3,33.3,0,1,0.0,0,0.0,0.0,0.0,0,0,0,0,0,New York Red Bulls
Serge Ngoma,USA,MF,19,0.2,3,5,60.0,36,0,3,5,60.0,0,0,,0,0,,0,0.0,0.0,0.0,0,0,0,0,0,New York Red Bulls
Omar Valencia,PAN,MF,20,0.0,3,4,75.0,32,21,3,4,75.0,0,0,,0,0,,0,0.0,0.0,0.0,0,0,0,0,0,New York Red Bulls
Federico Bernardeschi,ITA,DF,30,20.9,804,1042,77.2,14845,4325,416,468,88.9,244,311,78.5,123,186,66.1,5,5.4,6.8,-0.4,53,64,50,13,108,Toronto FC
Kevin Long,IRL,DF,33,18.2,868,997,87.1,18200,6690,240,263,91.3,504,541,93.2,120,173,69.4,0,0.7,0.6,-0.7,7,43,0,0,36,Toronto FC
Nicksoen Gomis,FRA,DF,22,18.4,808,925,87.4,14623,5611,315,339,92.9,420,455,92.3,62,105,59.0,0,0.2,0.3,-0.2,4,45,5,1,46,Toronto FC
Deybi Flores,HON,MF,28,18.3,987,1142,86.4,17415,5860,445,481,92.5,414,455,91.0,102,171,59.6,1,0.4,0.8,0.6,7,115,11,1,109,Toronto FC
Matthew Longstaff, ENG,MF,24,17.1,878,1019,86.2,15713,4242,385,424,90.8,358,398,89.9,104,144,72.2,2,1.2,2.3,0.8,20,94,22,7,103,Toronto FC
Raoul Petretta,ITA,DF,27,15.0,702,788,89.1,10704,3897,398,419,95.0,259,285,90.9,31,57,54.4,3,1.0,1.2,2.0,10,50,10,1,50,Toronto FC
Prince Osei Owusu,GER,FW,27,15.2,197,274,71.9,2652,293,129,160,80.6,50,72,69.4,9,15,60.0,0,1.3,0.9,-1.3,11,12,4,0,17,Toronto FC
Alonso Coello,ESP,MF,24,13.0,776,912,85.1,14582,4796,319,356,89.6,330,370,89.2,104,144,72.2,2,1.4,1.1,0.6,14,92,16,0,98,Toronto FC
Sean Johnson,USA,GK,35,15.0,378,554,68.2,9599,6778,81,82,98.8,192,194,99.0,103,271,38.0,0,0.0,0.0,0.0,0,3,0,0,0,Toronto FC
Sigurd Rosted,NOR,DF,29,14.5,605,740,81.8,11313,4753,230,252,91.3,300,344,87.2,64,117,54.7,0,0.2,0.3,-0.2,4,50,4,1,52,Toronto FC
Jonathan Osorio,CAN,MF,32,13.1,533,613,86.9,8064,2084,301,330,91.2,191,213,89.7,26,36,72.2,1,1.4,1.6,-0.4,25,47,13,0,67,Toronto FC
Derrick Etienne,HAI,MF,27,11.8,374,476,78.6,6410,1150,188,216,87.0,138,171,80.7,33,58,56.9,0,1.6,1.8,-1.6,15,21,16,3,39,Toronto FC
Lorenzo Insigne,ITA,MF,33,10.9,687,824,83.4,12517,3551,326,368,88.6,246,281,87.5,100,137,73.0,4,1.2,2.5,2.8,21,71,28,3,110,Toronto FC
Jahkeele Marshall-Rutty,CAN,DF,20,11.1,374,464,80.6,6042,1698,193,218,88.5,133,165,80.6,29,40,72.5,2,1.5,2.8,0.5,10,18,12,6,36,Toronto FC
Tyrese Spicer,,DF,,9.4,229,338,67.8,3762,1264,124,152,81.6,83,118,70.3,19,46,41.3,1,1.6,1.5,-0.6,6,9,13,8,16,Toronto FC
Luka Gavran,CAN,GK,24,9.0,213,284,75.0,5548,4025,52,52,100.0,93,98,94.9,66,131,50.4,0,0.0,0.0,0.0,0,4,0,0,0,Toronto FC
Shane O'Neill,USA,DF,30,7.1,292,352,83.0,4997,1708,125,137,91.2,147,161,91.3,14,38,36.8,0,0.4,0.4,-0.4,3,15,3,3,22,Toronto FC
Deandre Kerr,CAN,FW,21,6.5,67,94,71.3,1029,128,31,44,70.5,27,32,84.4,3,4,75.0,1,0.1,0.1,0.9,1,4,1,1,5,Toronto FC
Kosi Thompson,CAN,MF,21,8.5,367,423,86.8,6076,2002,185,201,92.0,140,161,87.0,35,40,87.5,0,0.2,0.3,-0.2,5,36,3,2,31,Toronto FC
Kobe Franklin,CAN,DF,21,5.1,194,237,81.9,2948,688,119,127,93.7,59,72,81.9,11,20,55.0,1,0.6,0.5,0.4,5,8,3,3,9,Toronto FC
Aimé Mabika,ZAM,DF,25,3.7,157,186,84.4,3019,1356,51,60,85.0,85,95,89.5,17,23,73.9,0,0.0,0.0,0.0,1,7,0,0,12,Toronto FC
Richie Laryea,CAN,DF,29,0.9,25,33,75.8,316,78,15,17,88.2,8,9,88.9,0,2,0.0,0,0.0,0.0,0.0,0,2,0,0,4,Toronto FC
Ayo Akinola,CAN,FW,24,1.0,18,23,78.3,246,31,11,13,84.6,5,7,71.4,1,1,100.0,0,0.3,0.3,-0.3,1,1,1,0,3,Toronto FC
Cassius Mailula,RSA,MF,23,0.2,6,10,60.0,72,8,6,8,75.0,0,1,0.0,0,0,,0,0.0,0.0,0.0,0,1,0,0,0,Toronto FC
Charles Sharp,USA,FW,23,0.2,0,2,0.0,0,0,0,0,,0,1,0.0,0,0,,0,0.0,0.0,0.0,0,0,0,0,0,Toronto FC
Kristijan Kahlina,CRO,GK,31,23.0,608,805,75.5,15954,10807,102,103,99.0,347,357,97.2,159,345,46.1,0,0.0,0.0,0.0,0,17,1,0,1,Charlotte FC
Andrew Privett,USA,DF,23,23.0,1103,1319,83.6,24451,8575,260,294,88.4,648,706,91.8,189,287,65.9,0,0.1,0.2,-0.1,1,59,1,0,67,Charlotte FC
Ashley Westwood, ENG,MF,34,22.0,1088,1368,79.5,20978,6648,396,434,91.2,550,633,86.9,129,257,50.2,3,3.4,4.3,-0.4,34,145,33,5,160,Charlotte FC
Kerwin Vargas,COL,FW,22,20.2,450,608,74.0,7171,2235,241,280,86.1,166,213,77.9,34,78,43.6,2,2.6,2.3,-0.6,23,34,27,6,66,Charlotte FC
Adilson Malanda,FRA,DF,22,21.0,960,1135,84.6,21747,8779,238,258,92.2,542,589,92.0,175,275,63.6,0,0.4,0.3,-0.4,3,45,2,0,50,Charlotte FC
Nathan Byrne, ENG,DF,32,20.0,793,1023,77.5,13908,4940,367,417,88.0,340,403,84.4,74,164,45.1,1,1.0,0.8,0.0,9,104,13,8,106,Charlotte FC
Jere Uronen,FIN,DF,30,17.8,755,949,79.6,12438,4426,389,436,89.2,298,365,81.6,55,113,48.7,4,1.7,1.8,2.3,17,73,14,3,81,Charlotte FC
Patrick Agyemang,USA,FW,23,15.7,115,171,67.3,1483,324,65,91,71.4,37,49,75.5,1,4,25.0,2,1.0,0.8,1.0,17,12,7,0,21,Charlotte FC
Djibril Diani,FRA,MF,26,14.5,475,557,85.3,7886,2007,231,257,89.9,207,235,88.1,30,44,68.2,1,0.5,0.5,0.5,10,58,6,0,78,Charlotte FC
Liel Abada,ISR,FW,22,11.1,186,272,68.4,2595,906,110,142,77.5,57,84,67.9,8,23,34.8,1,1.2,1.7,-0.2,14,15,18,3,37,Charlotte FC
Brecht Dejaegere,BEL,FW,33,10.0,218,302,72.2,3295,983,107,133,80.5,76,106,71.7,17,29,58.6,2,1.0,1.4,1.0,9,23,9,1,42,Charlotte FC
Brandt Bronico,USA,MF,29,9.9,190,249,76.3,3081,657,85,106,80.2,88,103,85.4,9,20,45.0,1,0.7,0.9,0.3,6,15,8,1,21,Charlotte FC
Iuri Tavares,CPV,FW,23,7.8,124,197,62.9,1913,605,61,81,75.3,48,64,75.0,9,17,52.9,0,1.0,1.6,-1.0,8,16,13,0,26,Charlotte FC
Júnior Urso,BRA,MF,35,6.6,180,226,79.6,2917,550,83,102,81.4,74,87,85.1,12,21,57.1,0,0.6,0.3,-0.6,4,16,4,2,15,Charlotte FC
Enzo Copetti,ARG,FW,28,5.5,76,117,65.0,986,162,43,62,69.4,16,28,57.1,5,8,62.5,1,0.5,0.6,0.5,6,3,2,1,5,Charlotte FC
Nikola Petković,SRB,MF,21,5.3,113,157,72.0,1905,361,48,61,78.7,52,63,82.5,10,17,58.8,1,0.7,0.3,0.3,5,5,5,1,13,Charlotte FC
João Pedro,BRA,DF,21,4.9,222,303,73.3,3784,1132,101,108,93.5,98,130,75.4,19,45,42.2,0,0.2,0.4,-0.2,5,16,4,2,21,Charlotte FC
Scott Arfield,CAN,MF,35,4.2,106,131,80.9,1403,287,59,69,85.5,35,39,89.7,3,7,42.9,1,0.2,1.2,0.8,5,12,1,0,14,Charlotte FC
Jaylin Lindsey,USA,DF,24,3.3,191,254,75.2,3184,1273,90,103,87.4,87,109,79.8,11,32,34.4,0,0.2,0.1,-0.2,2,16,1,1,22,Charlotte FC
Ben Bender,USA,MF,23,2.1,45,58,77.6,765,248,20,23,87.0,22,25,88.0,3,5,60.0,0,0.2,0.1,-0.2,3,7,2,1,6,Charlotte FC
Bill Tuiloma,NZL,DF,29,2.0,107,137,78.1,2271,910,26,30,86.7,67,72,93.1,14,33,42.4,0,0.0,0.0,0.0,0,7,0,0,6,Charlotte FC
Tyger Smalls,,FW,,2.2,40,53,75.5,590,234,25,29,86.2,9,13,69.2,4,7,57.1,0,0.5,0.2,-0.5,4,3,4,0,8,Charlotte FC
Nimfasha Berchimas,USA,FW,16,0.3,6,6,100.0,42,8,5,5,100.0,0,0,,0,0,,0,0.0,0.0,0.0,0,1,0,0,0,Charlotte FC
Nick Scardina,USA,FW,23,0.0,3,3,100.0,51,30,1,1,100.0,2,2,100.0,0,0,,0,0.0,0.0,0.0,1,2,0,0,2,Charlotte FC
Kai Wagner,GER,DF,27,21.5,959,1318,72.8,20165,7409,352,401,87.8,409,514,79.6,192,356,53.9,5,6.7,7.0,-1.7,67,71,38,18,87,Philadelphia Union
Jakob Glesnes,NOR,DF,30,20.4,745,925,80.5,16315,7223,219,263,83.3,396,448,88.4,126,196,64.3,1,0.9,0.6,0.1,5,97,5,1,88,Philadelphia Union
Nathan Harriel,USA,DF,23,19.9,694,876,79.2,11015,3658,366,410,89.3,275,354,77.7,37,70,52.9,4,1.9,2.4,2.1,22,45,8,6,45,Philadelphia Union
Jack McGlynn,USA,MF,21,19.2,1085,1306,83.1,20915,7155,459,496,92.5,432,492,87.8,168,256,65.6,3,4.0,3.1,-1.0,37,150,42,10,194,Philadelphia Union
Quinn Sullivan,USA,MF,20,18.8,446,618,72.2,6704,1958,260,310,83.9,146,201,72.6,25,62,40.3,5,3.4,3.7,1.6,27,30,32,9,71,Philadelphia Union
Jack Elliott, ENG,DF,28,17.2,674,822,82.0,16013,6304,140,152,92.1,381,411,92.7,149,236,63.1,1,1.0,0.2,0.0,3,43,1,0,34,Philadelphia Union
Dániel Gazdag,HUN,MF,28,17.8,539,666,80.9,7842,1736,309,341,90.6,183,225,81.3,25,46,54.3,1,2.3,2.3,-1.3,25,59,27,0,89,Philadelphia Union
Mikael Uhre,DEN,FW,29,13.9,150,249,60.2,1972,441,91,134,67.9,46,77,59.7,3,10,30.0,2,0.7,1.9,1.3,9,7,11,2,22,Philadelphia Union
Oliver Semmle,GER,GK,26,15.6,299,442,67.6,8729,6790,56,56,100.0,133,135,98.5,107,246,43.5,0,0.0,0.0,0.0,0,7,0,0,0,Philadelphia Union
Leon Flach,USA,MF,23,11.8,294,352,83.5,4653,1605,156,169,92.3,119,145,82.1,16,25,64.0,2,1.2,0.6,0.8,9,30,4,1,31,Philadelphia Union
Julián Carranza,ARG,FW,24,11.9,193,275,70.2,2675,464,115,142,81.0,57,75,76.0,9,12,75.0,0,1.5,1.0,-1.5,11,13,5,0,25,Philadelphia Union
Damion Lowe,JAM,DF,31,10.0,363,466,77.9,7751,3108,121,137,88.3,165,204,80.9,74,117,63.2,0,0.1,0.2,-0.1,4,27,1,0,24,Philadelphia Union
José Andrés Martínez,VEN,MF,29,9.3,354,454,78.0,6932,2598,141,166,84.9,152,180,84.4,54,84,64.3,1,1.0,1.5,0.0,10,63,9,2,62,Philadelphia Union
Alejandro Bedoya,USA,MF,37,10.9,380,503,75.5,5869,2188,212,260,81.5,143,178,80.3,20,30,66.7,2,1.1,2.1,0.9,14,38,7,3,45,Philadelphia Union
Olivier Mbaizo,CMR,DF,26,6.6,216,278,77.7,3652,1059,106,119,89.1,89,110,80.9,18,34,52.9,0,0.5,0.4,-0.5,9,9,7,6,11,Philadelphia Union
Jesús Daniel Bueno,VEN,MF,25,6.4,226,286,79.0,3651,875,122,144,84.7,84,101,83.2,16,30,53.3,0,0.1,0.2,-0.1,3,18,3,0,20,Philadelphia Union
Thai Baribo,ISR,FW,26,5.1,87,107,81.3,1174,139,57,65,87.7,19,27,70.4,6,6,100.0,0,0.4,0.2,-0.4,6,1,1,0,7,Philadelphia Union
Andre Blake,JAM,GK,33,3.4,59,73,80.8,1718,1316,6,6,100.0,31,32,96.9,22,34,64.7,0,0.0,0.0,0.0,0,0,0,0,0,Philadelphia Union
Christopher Donovan,USA,FW,23,4.2,73,123,59.3,913,225,49,69,71.0,18,33,54.5,2,4,50.0,0,1.3,0.8,-1.3,9,6,1,0,9,Philadelphia Union
Andrew Rick,USA,GK,18,4.0,69,117,59.0,2504,2007,5,5,100.0,24,25,96.0,40,86,46.5,0,0.0,0.0,0.0,0,3,0,0,0,Philadelphia Union
Jeremy Rafanello,USA,MF,24,3.3,88,119,73.9,1350,347,53,62,85.5,28,39,71.8,4,9,44.4,0,0.5,0.2,-0.5,5,9,3,1,10,Philadelphia Union
Markus Anderson,USA,MF,20,1.1,5,13,38.5,65,14,3,7,42.9,2,4,50.0,0,0,,0,0.0,0.0,0.0,2,1,0,0,1,Philadelphia Union
Christopher Olney,USA,MF,17,0.2,7,8,87.5,67,14,6,7,85.7,0,0,,0,0,,0,0.0,0.0,0.0,0,0,1,0,1,Philadelphia Union
Lucas Bartlett,USA,DF,26,22.1,842,1064,79.1,16169,7108,313,368,85.1,423,495,85.5,91,158,57.6,1,0.6,0.5,0.4,5,77,3,0,77,DC United
Mateusz Klich,POL,MF,34,21.4,915,1190,76.9,16208,5619,438,491,89.2,330,398,82.9,115,233,49.4,3,5.5,7.5,-2.5,54,94,44,13,148,DC United
Jared Stroud,USA,MF,28,19.2,378,591,64.0,5624,1567,229,287,79.8,111,168,66.1,23,63,36.5,7,5.1,3.9,1.9,32,25,22,13,43,DC United
Aaron Herrera,GUA,DF,27,20.3,796,1031,77.2,14993,6101,327,368,88.9,349,431,81.0,106,178,59.6,3,2.6,3.1,0.4,23,82,38,18,107,DC United
Christian Benteke,BEL,FW,33,19.2,311,531,58.6,4433,1152,173,276,62.7,98,175,56.0,18,27,66.7,2,3.6,3.0,-1.6,26,43,11,0,58,DC United
Alex Bono,USA,GK,30,19.0,454,708,64.1,17185,15479,55,55,100.0,147,152,96.7,250,493,50.7,0,0.0,0.1,0.0,0,52,0,0,4,DC United
Matti Peltola,FIN,MF,22,18.5,572,692,82.7,10129,3155,249,287,86.8,259,296,87.5,50,81,61.7,0,1.0,0.9,-1.0,10,62,5,0,69,DC United
Cristián Dajome,COL,FW,30,16.7,371,487,76.2,5635,1719,210,256,82.0,119,153,77.8,28,38,73.7,0,1.3,1.6,-1.3,13,17,14,2,40,DC United
Christopher McVey,SWE,DF,27,16.6,563,711,79.2,11188,4411,188,215,87.4,282,329,85.7,81,134,60.4,0,0.1,0.5,-0.1,2,56,1,0,48,DC United
Theodore Ku-Dipietro,USA,MF,22,14.8,226,341,66.3,2863,815,154,200,77.0,52,83,62.7,8,23,34.8,1,1.4,1.4,-0.4,18,18,10,1,34,DC United
Pedro Santos,POR,DF,36,12.8,441,640,68.9,7999,3333,197,224,87.9,179,254,70.5,57,127,44.9,3,1.8,2.0,1.2,14,49,19,5,68,DC United
Jackson Hopkins,USA,MF,20,10.4,287,366,78.4,4968,1342,137,160,85.6,122,147,83.0,24,44,54.5,0,0.3,0.8,-0.3,4,40,6,1,40,DC United
Gabriel Pirani,BRA,MF,22,9.7,224,297,75.4,3026,725,126,151,83.4,69,89,77.5,12,18,66.7,0,0.8,0.9,-0.8,12,20,14,0,33,DC United
Jacob Murrell,USA,FW,20,8.5,93,140,66.4,1393,316,55,78,70.5,22,33,66.7,9,11,81.8,1,0.9,0.4,0.1,8,6,5,2,15,DC United
Martín Rodríguez,CHI,MF,29,7.1,335,396,84.6,5423,1355,170,188,90.4,118,132,89.4,34,50,68.0,1,0.8,1.1,0.2,13,37,8,2,49,DC United
Tyler Miller,USA,GK,31,5.0,91,202,45.0,4064,3588,7,7,100.0,18,18,100.0,66,176,37.5,0,0.0,0.0,0.0,0,17,0,0,0,DC United
Garrison Tubbs,USA,DF,22,4.6,177,203,87.2,3094,883,67,77,87.0,101,107,94.4,9,17,52.9,0,0.0,0.0,0.0,0,6,1,0,14,DC United
Conner Antley,USA,DF,29,4.8,135,204,66.2,2329,1116,60,80,75.0,63,86,73.3,11,28,39.3,1,1.2,0.6,-0.2,3,9,1,0,10,DC United
Steve Birnbaum,USA,DF,33,3.8,140,173,80.9,2741,1280,43,50,86.0,81,95,85.3,16,25,64.0,1,0.4,0.4,0.6,1,10,1,1,11,DC United
Matai Akinmboni,USA,DF,17,4.0,134,165,81.2,2553,968,47,50,94.0,75,81,92.6,11,31,35.5,0,0.0,0.1,0.0,0,8,1,1,10,DC United
Kristian Fletcher,USA,FW,18,2.7,81,116,69.8,1194,209,47,64,73.4,29,35,82.9,3,8,37.5,0,0.1,0.2,-0.1,3,3,2,0,7,DC United
Hayden Sargis,USA,DF,22,0.3,13,15,86.7,164,60,9,10,90.0,4,4,100.0,0,1,0.0,0,0.0,0.0,0.0,0,0,0,0,0,DC United
Jeremy Garay,SLV,FW,21,0.1,6,6,100.0,69,21,4,4,100.0,2,2,100.0,0,0,,0,0.0,0.0,0.0,0,0,0,0,0,DC United
Mohanad Jeahze,IRQ,MF,27,0.0,0,0,,0,0,0,0,,0,0,,0,0,,0,0.0,0.0,0.0,0,0,0,0,0,DC United
Iván Angulo,COL,MF,25,21.0,773,921,83.9,10451,2620,487,535,91.0,241,287,84.0,18,37,48.6,3,2.6,3.4,0.4,30,36,30,2,106,Orlando City
Dagur Dan Þórhallsson,ISL,DF,24,19.0,727,872,83.4,11262,3124,384,419,91.6,291,342,85.1,34,75,45.3,4,2.8,2.7,1.2,22,30,22,5,56,Orlando City
Facundo Torres,URU,MF,24,19.5,843,1039,81.1,11798,2848,509,561,90.7,249,297,83.8,42,81,51.9,2,2.8,3.2,-0.8,32,55,37,16,118,Orlando City
Robin Jansson,SWE,DF,32,18.6,894,1048,85.3,17673,7532,292,309,94.5,502,541,92.8,92,181,50.8,0,0.1,0.3,-0.1,2,53,1,0,37,Orlando City
Pedro Gallese,PER,GK,34,18.0,315,439,71.8,8380,6458,80,80,100.0,125,126,99.2,103,223,46.2,0,0.2,0.0,-0.2,1,8,0,0,1,Orlando City
César Araujo,URU,MF,23,17.2,860,971,88.6,14600,4719,427,462,92.4,329,362,90.9,84,110,76.4,1,1.3,1.4,-0.3,5,111,10,0,97,Orlando City
Duncan McGuire,USA,FW,23,14.9,203,280,72.5,2644,439,129,165,78.2,50,65,76.9,7,11,63.6,1,1.4,1.2,-0.4,11,9,6,0,22,Orlando City
Rodrigo Schlegel,ARG,DF,27,16.1,766,869,88.1,14554,5424,246,261,94.3,449,486,92.4,61,100,61.0,0,0.3,0.7,-0.3,4,55,2,0,51,Orlando City
Nicolás Lodeiro,URU,MF,35,16.1,1132,1374,82.4,17709,6073,605,659,91.8,414,483,85.7,78,145,53.8,6,3.7,4.9,2.3,33,116,32,6,174,Orlando City
Wilder Cartagena,PER,MF,29,14.6,709,817,86.8,13169,5226,268,302,88.7,352,373,94.4,81,116,69.8,1,1.2,0.9,-0.2,11,96,9,2,77,Orlando City
Martín Ojeda,ARG,MF,25,13.8,484,667,72.6,8868,1966,237,267,88.8,156,202,77.2,76,141,53.9,4,4.2,3.1,-0.2,33,33,19,9,43,Orlando City
Luis Muriel,COL,FW,33,14.3,420,539,77.9,6164,2022,233,269,86.6,138,173,79.8,21,40,52.5,2,3.0,3.9,-1.0,26,41,40,2,93,Orlando City
Rafael Santos,BRA,DF,26,13.0,789,987,79.9,12622,5142,419,457,91.7,312,373,83.6,46,99,46.5,1,1.1,1.5,-0.1,11,86,19,12,108,Orlando City
David Brekalo,SVN,DF,25,11.0,459,541,84.8,8363,3151,188,200,94.0,231,256,90.2,37,73,50.7,0,0.0,0.2,0.0,2,31,0,0,39,Orlando City
Kyle Smith,USA,DF,32,8.4,455,539,84.4,7756,2904,237,255,92.9,162,193,83.9,48,73,65.8,0,0.2,0.4,-0.2,4,48,3,2,59,Orlando City
Mason Stajduhar,USA,GK,26,4.3,79,98,80.6,1997,1652,25,25,100.0,26,26,100.0,27,45,60.0,0,0.0,0.0,0.0,0,1,0,0,0,Orlando City
Felipe,BRA,MF,33,2.9,123,137,89.8,1840,625,66,69,95.7,45,46,97.8,6,12,50.0,0,0.2,0.4,-0.2,3,16,5,0,20,Orlando City
Ramiro Enrique,ARG,FW,23,3.6,65,89,73.0,865,162,42,47,89.4,16,25,64.0,2,5,40.0,0,0.0,0.1,0.0,0,6,0,0,7,Orlando City
Jack Lynn,USA,FW,24,2.8,41,61,67.2,545,122,28,37,75.7,11,18,61.1,1,4,25.0,0,0.0,0.1,0.0,0,1,2,1,3,Orlando City
Jeorgio Kocevski,USA,MF,21,1.1,63,81,77.8,832,304,36,47,76.6,19,21,90.5,2,6,33.3,0,0.1,0.1,-0.1,1,9,2,0,9,Orlando City
Michael Halliday,USA,DF,21,1.0,41,55,74.5,574,150,27,32,84.4,11,16,68.8,3,5,60.0,0,0.0,0.0,0.0,0,1,0,0,2,Orlando City
Javier Otero,VEN,GK,21,0.7,15,21,71.4,383,272,2,2,100.0,9,9,100.0,3,9,33.3,0,0.0,0.0,0.0,0,0,0,0,0,Orlando City
Alexander Freeman,USA,DF,19,0.1,14,15,93.3,138,44,9,10,90.0,1,1,100.0,1,1,100.0,1,0.1,0.0,0.9,2,0,0,0,0,Orlando City
Shakur Mohammed,GHA,MF,20,0.1,5,6,83.3,51,5,5,5,100.0,0,1,0.0,0,0,,0,0.0,0.0,0.0,0,1,0,0,1,Orlando City
Yutaro Tsukada,JPN,FW,22,0.0,0,0,,0,0,0,0,,0,0,,0,0,,0,0.0,0.0,0.0,0,0,0,0,0,Orlando City
Jack Maher,USA,DF,24,21.0,1048,1194,87.8,22294,7310,252,275,91.6,657,697,94.3,131,203,64.5,0,0.0,0.4,0.0,1,39,2,0,34,Nashville SC
Hany Mukhtar,GER,MF,29,19.8,624,855,73.0,10711,2598,292,341,85.6,261,317,82.3,56,149,37.6,6,4.9,4.4,1.1,40,48,18,2,94,Nashville SC
Dru Yearwood, ENG,MF,24,16.6,536,653,82.1,10280,2913,206,234,88.0,250,284,88.0,72,106,67.9,1,0.9,1.1,0.1,11,64,11,3,65,Nashville SC
Joe Willis,USA,GK,35,19.2,473,638,74.1,12876,9481,108,108,100.0,190,195,97.4,174,329,52.9,0,0.4,0.0,-0.4,1,8,0,0,0,Nashville SC
Sam Surridge, ENG,FW,25,17.5,265,382,69.4,4332,853,124,172,72.1,117,145,80.7,19,33,57.6,1,1.6,1.2,-0.6,17,14,8,3,28,Nashville SC
Alex Muyl,USA,FW,28,16.4,492,640,76.9,8207,2461,252,286,88.1,191,249,76.7,41,71,57.7,1,0.8,1.7,0.2,14,38,17,6,50,Nashville SC
Daniel Lovitz,USA,DF,32,16.0,731,970,75.4,14527,6015,258,297,86.9,370,442,83.7,95,199,47.7,0,1.1,2.0,-1.1,15,68,17,12,87,Nashville SC
Sean Davis,USA,MF,31,12.6,399,458,87.1,6432,1688,197,222,88.7,173,191,90.6,22,30,73.3,0,0.0,0.2,0.0,1,38,4,0,44,Nashville SC
Josh Bauer,USA,DF,25,14.6,598,734,81.5,10433,3833,255,286,89.2,290,332,87.3,41,86,47.7,0,0.1,0.2,-0.1,2,33,3,1,39,Nashville SC
Walker Zimmerman,USA,DF,31,12.4,668,765,87.3,14083,5882,165,177,93.2,412,447,92.2,88,131,67.2,1,0.4,0.5,0.6,4,40,3,0,36,Nashville SC
Tyler Boyd,USA,FW,29,12.3,261,353,73.9,4460,1218,146,176,83.0,76,94,80.9,33,57,57.9,2,1.2,2.0,0.8,13,32,14,3,42,Nashville SC
Aníbal Godoy,PAN,MF,34,10.6,543,614,88.4,10396,3213,195,210,92.9,277,301,92.0,61,78,78.2,0,0.4,0.4,-0.4,8,74,5,0,81,Nashville SC
Shaquell Moore,USA,DF,27,10.0,431,554,77.8,7376,2436,201,229,87.8,197,235,83.8,27,69,39.1,2,1.8,1.2,0.2,10,16,14,7,26,Nashville SC
Jacob Shaffelburg,CAN,DF,24,10.0,175,315,55.6,2932,761,81,103,78.6,76,114,66.7,13,53,24.5,2,2.0,1.3,0.0,8,7,12,9,15,Nashville SC
Brian Anunga,CMR,MF,27,9.0,419,484,86.6,7161,1856,178,195,91.3,201,216,93.1,33,56,58.9,0,0.2,0.3,-0.2,3,28,3,1,30,Nashville SC
Teal Bunbury,USA,FW,34,8.7,146,217,67.3,2272,282,77,102,75.5,54,84,64.3,10,12,83.3,1,0.5,0.5,0.5,4,12,1,0,17,Nashville SC
Taylor Washington,USA,DF,30,5.4,235,298,78.9,4240,1522,102,111,91.9,104,125,83.2,28,51,54.9,1,0.3,0.2,0.7,5,19,4,4,23,Nashville SC
Lukas MacNaughton,CAN,DF,29,4.6,235,278,84.5,5264,1917,58,60,96.7,132,149,88.6,44,62,71.0,0,0.1,0.1,-0.1,1,10,0,0,15,Nashville SC
Brent Kallman,USA,DF,33,5.0,204,241,84.6,4095,1923,57,61,93.4,120,130,92.3,26,45,57.8,0,0.0,0.0,0.0,0,10,0,0,11,Nashville SC
Elliot Panicco,USA,GK,27,3.8,64,106,60.4,1963,1458,16,16,100.0,18,19,94.7,30,69,43.5,0,0.0,0.0,0.0,0,1,0,0,0,Nashville SC
Forster Ajago,GHA,FW,22,2.2,25,41,61.0,414,49,14,21,66.7,8,13,61.5,3,5,60.0,0,0.6,0.3,-0.6,3,1,1,1,2,Nashville SC
Amar Sejdic,USA,MF,27,2.9,204,224,91.1,3974,1023,84,88,95.5,83,88,94.3,33,41,80.5,0,0.2,0.3,-0.2,6,32,2,1,27,Nashville SC
McKinze Gaines,USA,MF,26,1.4,22,31,71.0,301,28,12,16,75.0,6,8,75.0,1,2,50.0,1,0.2,0.2,0.8,3,0,0,0,2,Nashville SC
Isaiah Jones,USA,MF,18,0.1,8,9,88.9,158,34,2,2,100.0,3,3,100.0,2,3,66.7,0,0.0,0.0,0.0,0,1,0,0,2,Nashville SC
Randall Leal,CRC,MF,27,0.1,6,9,66.7,81,26,3,3,100.0,3,5,60.0,0,1,0.0,0,0.0,0.1,0.0,0,0,0,0,1,Nashville SC
Joseph Skinner,USA,FW,21,0.0,1,2,50.0,9,10,1,2,50.0,0,0,,0,0,,0,0.0,0.0,0.0,0,0,0,0,0,Nashville SC
Brooks Lennon,USA,DF,26,23.0,1059,1357,78.0,18776,5736,527,574,91.8,381,469,81.2,129,247,52.2,5,5.0,5.3,0.0,52,67,34,22,99,Atlanta United
Caleb Wiley,USA,DF,19,20.9,903,1097,82.3,14622,4943,477,526,90.7,329,391,84.1,73,116,62.9,1,4.0,2.6,-3.0,29,63,24,9,85,Atlanta United
Brad Guzan,USA,GK,39,20.7,642,822,78.1,19148,13731,78,78,100.0,322,322,100.0,241,416,57.9,0,0.0,0.0,0.0,0,24,0,0,0,Atlanta United
Tristan Muyumba,,MF,27,19.4,915,1035,88.4,14621,3817,455,496,91.7,356,387,92.0,61,80,76.3,2,1.0,1.5,1.0,18,74,14,0,86,Atlanta United
Saba Lobzhanidze,GEO,FW,29,16.6,312,453,68.9,4785,1164,178,214,83.2,99,138,71.7,22,44,50.0,0,2.1,2.5,-2.1,25,18,22,10,42,Atlanta United
Bartosz Slisz,POL,MF,25,15.9,783,920,85.1,13655,3689,334,370,90.3,366,423,86.5,65,90,72.2,0,1.1,1.7,-1.1,7,87,10,1,98,Atlanta United
Thiago Almada,ARG,MF,23,15.5,825,1040,79.3,14924,5178,397,431,92.1,270,332,81.3,128,214,59.8,1,3.5,3.9,-2.5,43,108,35,4,147,Atlanta United
Noah Cobb,USA,DF,18,14.5,610,727,83.9,12557,4678,180,203,88.7,354,383,92.4,71,130,54.6,0,0.0,0.1,0.0,2,33,0,0,43,Atlanta United
Derrick Williams,IRL,DF,31,14.5,636,730,87.1,12073,4621,210,222,94.6,367,396,92.7,52,99,52.5,0,0.6,0.4,-0.6,5,23,1,0,17,Atlanta United
Xande Silva,POR,FW,27,12.2,328,405,81.0,5097,1068,170,191,89.0,113,136,83.1,26,33,78.8,0,1.0,1.3,-1.0,16,22,13,1,50,Atlanta United
Daniel Armando Ríos,MEX,FW,29,9.9,153,219,69.9,2185,311,87,111,78.4,50,67,74.6,8,11,72.7,3,1.0,0.6,2.0,9,11,5,0,20,Atlanta United
Luis Abram,PER,DF,28,10.5,535,592,90.4,10874,4422,162,167,97.0,300,328,91.5,69,91,75.8,0,0.1,0.1,-0.1,3,26,0,0,29,Atlanta United
Stian Rode Gregersen,NOR,DF,29,9.7,392,452,86.7,7250,2417,152,157,96.8,207,219,94.5,30,67,44.8,0,0.5,0.6,-0.5,3,20,1,0,26,Atlanta United
Giorgos Giakoumakis,GRE,FW,29,8.0,103,142,72.5,1598,229,53,67,79.1,33,45,73.3,8,11,72.7,1,0.4,0.2,0.6,5,9,3,0,12,Atlanta United
Dax McCarty,USA,MF,37,7.1,367,432,85.0,6107,1713,167,191,87.4,157,174,90.2,27,43,62.8,0,1.1,0.8,-1.1,10,46,4,2,36,Atlanta United
Jamal Thiaré,SEN,FW,31,7.0,54,81,66.7,738,158,38,49,77.6,12,19,63.2,4,6,66.7,0,0.9,0.8,-0.9,4,5,0,0,8,Atlanta United
Ajani Fortune,TRI,MF,21,5.8,278,322,86.3,5020,1407,111,116,95.7,128,146,87.7,29,42,69.0,2,0.2,0.4,1.8,4,27,6,0,35,Atlanta United
Edwin Mosquera,COL,FW,23,4.5,126,183,68.9,1875,411,73,92,79.3,36,50,72.0,11,22,50.0,3,1.5,1.3,1.5,11,8,6,4,13,Atlanta United
Ronald Hernández,VEN,DF,26,4.5,195,243,80.2,3378,1362,89,101,88.1,86,99,86.9,15,30,50.0,1,0.4,0.5,0.6,2,13,5,1,18,Atlanta United
Tyler Wolff,USA,FW,21,3.8,102,132,77.3,1416,290,60,68,88.2,27,37,73.0,7,10,70.0,0,0.2,0.3,-0.2,5,7,3,0,10,Atlanta United
Efrain Morales,BOL,DF,20,2.7,141,160,88.1,2523,680,54,56,96.4,81,84,96.4,6,19,31.6,0,0.0,0.0,0.0,0,3,0,0,5,Atlanta United
Josh Cohen,USA,GK,31,2.3,70,83,84.3,1827,1221,13,13,100.0,35,36,97.2,20,31,64.5,0,0.0,0.0,0.0,0,1,0,0,0,Atlanta United
Nicolas Firmino,USA,FW,23,1.8,45,54,83.3,536,115,30,32,93.8,10,16,62.5,1,2,50.0,0,0.1,0.2,-0.1,1,4,2,0,6,Atlanta United
Luke Brennan,USA,FW,19,1.0,15,18,83.3,217,16,9,10,90.0,3,3,100.0,1,2,50.0,0,0.5,0.6,-0.5,2,1,0,0,0,Atlanta United
Derrick Etienne,HAI,FW,27,0.3,9,13,69.2,160,59,2,4,50.0,7,7,100.0,0,1,0.0,0,0.0,0.0,0.0,0,0,0,0,1,Atlanta United
Matthew Edwards,USA,DF,21,0.0,1,2,50.0,7,5,1,1,100.0,0,0,,0,0,,0,0.0,0.0,0.0,0,0,0,0,0,Atlanta United
Jonathan Sirois,CAN,GK,23,22.0,641,812,78.9,13629,8826,215,218,98.6,300,312,96.2,114,267,42.7,0,0.0,0.0,0.0,0,2,0,0,0,CF Montréal
Ruan,BRA,DF,29,20.5,678,852,79.6,10208,2475,382,439,87.0,253,305,83.0,33,55,60.0,3,3.3,3.4,-0.3,22,18,26,10,51,CF Montréal
Ariel Lassiter,CRC,DF,29,16.0,479,586,81.7,7149,1626,270,300,90.0,159,188,84.6,31,57,54.4,4,1.4,1.5,2.6,13,22,14,6,30,CF Montréal
Bryce Duke,USA,MF,23,16.2,707,879,80.4,10386,2823,413,469,88.1,217,264,82.2,42,66,63.6,1,2.6,2.4,-1.6,31,67,20,1,84,CF Montréal
Joel Waterman,CAN,DF,28,15.6,988,1100,89.8,19474,8491,321,343,93.6,537,570,94.2,118,164,72.0,0,0.3,0.2,-0.3,4,46,1,0,39,CF Montréal
George Campbell,USA,DF,23,15.5,894,1077,83.0,15919,6208,372,404,92.1,449,501,89.6,62,132,47.0,1,0.7,0.5,0.3,5,89,4,0,81,CF Montréal
Fernando Álvarez,COL,DF,20,14.7,713,836,85.3,12899,4226,265,283,93.6,397,443,89.6,39,86,45.3,0,0.1,0.2,-0.1,2,40,1,0,37,CF Montréal
Mathieu Choiniere,CAN,MF,25,14.6,745,882,84.5,10986,3416,419,466,89.9,243,275,88.4,45,85,52.9,1,1.5,1.8,-0.5,16,58,12,1,67,CF Montréal
Samuel Piette,CAN,MF,29,14.1,704,794,88.7,11073,2864,366,401,91.3,270,298,90.6,45,58,77.6,1,0.8,0.8,0.2,10,74,3,0,53,CF Montréal
Gabriele Corbo,ITA,DF,24,14.0,727,864,84.1,13682,6061,275,290,94.8,364,415,87.7,79,137,57.7,0,1.0,0.7,-1.0,7,61,2,1,60,CF Montréal
Joaquin Sosa,URU,DF,22,12.3,620,756,82.0,10392,3507,308,347,88.8,265,309,85.8,40,74,54.1,0,0.8,0.4,-0.8,5,38,6,2,62,CF Montréal
Raheem Edwards,CAN,DF,28,10.0,446,547,81.5,7150,2576,241,266,90.6,169,192,88.0,26,55,47.3,4,2.0,2.1,2.0,18,35,15,3,53,CF Montréal
Sunusi Ibrahim,NGA,FW,21,9.9,215,275,78.2,3346,695,122,138,88.4,60,80,75.0,20,30,66.7,1,2.0,1.5,-1.0,14,13,11,2,25,CF Montréal
Nathan-Dylan Saliba,CAN,MF,19,9.3,428,505,84.8,7392,2159,193,218,88.5,187,207,90.3,37,54,68.5,0,0.2,0.7,-0.2,6,50,5,0,61,CF Montréal
Jules-Anthony Vilsaint,CAN,MF,21,6.9,125,158,79.1,2002,430,62,73,84.9,48,58,82.8,10,14,71.4,2,1.4,0.9,0.6,7,7,5,2,15,CF Montréal
Matías Cóccaro,URU,FW,26,6.4,100,149,67.1,1401,256,54,74,73.0,29,43,67.4,7,14,50.0,1,1.0,0.6,0.0,7,5,5,1,16,CF Montréal
Josef Martínez,VEN,FW,31,8.4,150,178,84.3,1945,434,83,95,87.4,42,50,84.0,7,9,77.8,3,1.0,1.0,2.0,7,17,6,0,15,CF Montréal
Dominik Yankov,BUL,MF,23,7.3,166,213,77.9,2235,655,109,129,84.5,38,46,82.6,7,13,53.8,1,0.4,0.9,0.6,9,12,5,0,20,CF Montréal
Mason Toye,USA,FW,25,4.7,71,101,70.3,1067,148,40,52,76.9,21,28,75.0,6,7,85.7,0,1.1,0.6,-1.1,4,3,3,2,4,CF Montréal
Kwadwo Opoku,GHA,MF,23,3.2,85,96,88.5,1197,206,56,60,93.3,24,27,88.9,4,7,57.1,0,0.1,0.2,-0.1,2,7,1,0,10,CF Montréal
Victor Wanyama,KEN,MF,33,4.5,225,258,87.2,3435,960,121,129,93.8,86,100,86.0,9,16,56.3,0,0.0,0.1,0.0,2,21,1,0,17,CF Montréal
Lassi Lappalainen,FIN,DF,25,2.8,103,136,75.7,1561,483,59,70,84.3,36,44,81.8,5,9,55.6,1,0.8,0.9,0.2,2,4,7,2,13,CF Montréal
Rida Zouhir,CAN,MF,20,2.0,120,138,87.0,1832,473,63,68,92.6,45,50,90.0,6,10,60.0,0,0.0,0.1,0.0,0,10,1,1,16,CF Montréal
Sebastian Breza,CAN,GK,26,1.0,16,37,43.2,439,311,3,3,100.0,8,8,100.0,4,25,16.0,0,0.0,0.0,0.0,0,1,0,0,0,CF Montréal
Alessandro Biello,CAN,MF,18,0.2,12,12,100.0,174,63,7,7,100.0,4,4,100.0,1,1,100.0,0,0.0,0.0,0.0,0,3,0,0,0,CF Montréal
Ousman jabang,USA,DF,23,0.0,3,8,37.5,38,26,2,2,100.0,1,4,25.0,0,1,0.0,0,0.0,0.0,0.0,0,0,0,0,0,CF Montréal
Hugo Cuypers,BEL,FW,27,21.4,292,433,67.4,3985,731,181,235,77.0,83,115,72.2,11,19,57.9,1,1.8,0.9,-0.8,28,18,10,0,36,Chicago Fire
Christopher Brady,USA,GK,20,22.0,422,610,69.2,11821,8566,74,74,100.0,213,219,97.3,132,314,42.0,1,0.0,0.0,1.0,1,5,0,0,1,Chicago Fire
Allan Arigoni,SUI,DF,25,19.4,785,1001,78.4,12322,4343,417,461,90.5,306,366,83.6,40,104,38.5,0,1.2,1.6,-1.2,9,46,10,5,54,Chicago Fire
Rafael Czichos,GER,DF,34,19.6,928,1093,84.9,18667,7520,267,298,89.6,528,579,91.2,124,191,64.9,2,0.9,0.8,1.1,9,65,3,1,73,Chicago Fire
Kellyn Acosta,USA,MF,28,18.3,716,918,78.0,12451,3476,334,379,88.1,312,363,86.0,59,141,41.8,0,0.9,1.4,-0.9,16,58,12,3,74,Chicago Fire
Brian Gutiérrez,USA,MF,21,18.3,602,774,77.8,9154,2949,334,382,87.4,204,244,83.6,42,81,51.9,3,3.5,4.2,-0.5,32,67,32,3,101,Chicago Fire
Fabian Herbers,GER,MF,30,17.9,698,845,82.6,11089,3125,375,422,88.9,250,291,85.9,48,67,71.6,4,3.1,2.4,0.9,26,67,20,6,90,Chicago Fire
Maren Haile-Selassie,SUI,FW,25,14.9,414,511,81.0,5836,1385,253,277,91.3,118,145,81.4,21,40,52.5,2,3.0,3.4,-1.0,20,22,22,5,55,Chicago Fire
Carlos Terán,COL,DF,23,11.1,548,663,82.7,11526,4087,148,165,89.7,315,344,91.6,78,141,55.3,1,0.3,0.4,0.7,5,28,3,1,34,Chicago Fire
Arnaud Souquet,FRA,DF,32,11.4,521,679,76.7,8644,3248,259,281,92.2,220,275,80.0,34,94,36.2,1,0.6,0.5,0.4,6,45,8,1,49,Chicago Fire
Mauricio Pineda,USA,DF,26,11.3,582,650,89.5,11020,4091,204,212,96.2,328,343,95.6,46,76,60.5,0,0.0,0.1,0.0,0,47,1,0,45,Chicago Fire
Chris Mueller,USA,FW,27,9.7,275,378,72.8,3863,1081,178,205,86.8,81,115,70.4,12,26,46.2,1,2.1,2.0,-1.1,10,23,15,5,33,Chicago Fire
Xherdan Shaqiri,SUI,MF,32,8.2,303,414,73.2,5381,1620,136,150,90.7,114,143,79.7,42,92,45.7,1,1.1,2.3,-0.1,12,34,22,3,58,Chicago Fire
Gastón Giménez,PAR,MF,32,8.9,411,495,83.0,7556,2440,170,195,87.2,180,206,87.4,53,77,68.8,1,1.3,0.5,-0.3,7,42,7,1,52,Chicago Fire
Jonathan Dean,USA,DF,27,8.5,273,352,77.6,4081,1174,150,171,87.7,100,130,76.9,13,23,56.5,0,0.4,0.4,-0.4,8,18,6,2,22,Chicago Fire
Andrew Gutman,USA,DF,27,5.7,197,275,71.6,3629,1135,84,99,84.8,89,117,76.1,22,50,44.0,1,0.0,0.1,1.0,1,13,2,0,16,Chicago Fire
Tobias Salquist,DEN,DF,29,5.0,218,257,84.8,3775,1368,88,93,94.6,112,128,87.5,14,26,53.8,0,0.1,0.0,-0.1,1,10,2,0,11,Chicago Fire
Federico Navarro,ARG,MF,24,4.8,175,207,84.5,2884,661,84,94,89.4,78,88,88.6,11,20,55.0,0,0.0,0.1,0.0,0,13,2,0,17,Chicago Fire
Wyatt Omsberg,USA,DF,28,2.8,129,152,84.9,2660,1060,40,44,90.9,64,70,91.4,22,34,64.7,0,0.1,0.1,-0.1,1,4,1,0,5,Chicago Fire
Georgios Koutsias,GRE,FW,20,5.0,61,90,67.8,879,88,32,41,78.0,27,37,73.0,1,5,20.0,1,0.5,0.1,0.5,2,4,0,0,3,Chicago Fire
Tom Barlow,USA,FW,29,4.6,71,117,60.7,890,209,48,65,73.8,19,31,61.3,0,3,0.0,0,0.5,0.4,-0.5,4,5,2,0,8,Chicago Fire
Chase Gasper,USA,DF,28,2.7,108,141,76.6,1692,825,52,55,94.5,40,51,78.4,10,23,43.5,0,0.1,0.1,-0.1,1,7,0,0,3,Chicago Fire
Spencer Richey,USA,GK,32,1.0,18,30,60.0,443,332,6,6,100.0,5,5,100.0,7,19,36.8,0,0.0,0.0,0.0,0,0,0,0,0,Chicago Fire
Omari Glasgow,GUY,MF,20,0.4,11,20,55.0,202,66,3,4,75.0,8,11,72.7,0,3,0.0,0,0.0,0.1,0.0,1,1,2,1,2,Chicago Fire
Javier Casas,USA,MF,21,0.0,4,4,100.0,18,7,1,1,100.0,0,0,,0,0,,0,0.0,0.0,0.0,0,0,0,0,0,Chicago Fire
Matt Polster,USA,MF,31,18.3,1029,1154,89.2,17872,5061,434,464,93.5,499,535,93.3,74,100,74.0,1,0.3,1.0,0.7,9,76,4,0,101,New England Revolution
Giacomo Vrioni,ALB,FW,25,17.6,153,236,64.8,2306,277,82,117,70.1,49,73,67.1,12,16,75.0,1,1.2,0.4,-0.2,9,5,4,0,18,New England Revolution
Carles Gil,ESP,MF,31,17.0,895,1105,81.0,17670,5495,368,416,88.5,363,425,85.4,152,228,66.7,3,4.2,4.4,-1.2,58,118,61,12,196,New England Revolution
Nick Lima,USA,DF,29,16.0,594,772,76.9,10557,2838,276,307,89.9,254,326,77.9,54,107,50.5,0,0.7,1.0,-0.7,8,23,16,8,34,New England Revolution
DeJuan Jones,USA,DF,27,15.7,752,926,81.2,12409,3827,351,399,88.0,352,411,85.6,40,70,57.1,2,1.6,1.3,0.4,11,49,9,3,66,New England Revolution
Esmir Bajraktarevic,USA,FW,19,14.4,375,483,77.6,6022,1331,208,238,87.4,128,161,79.5,29,53,54.7,0,1.3,1.7,-1.3,16,29,18,4,45,New England Revolution
Henry Kessler,USA,DF,26,14.0,826,933,88.5,16668,6070,233,248,94.0,505,530,95.3,86,140,61.4,0,0.3,0.2,-0.3,2,25,0,0,23,New England Revolution
David Romney,USA,DF,31,13.6,731,850,86.0,14391,4977,223,251,88.8,422,455,92.7,82,129,63.6,0,0.0,0.1,0.0,1,32,0,0,34,New England Revolution
Aljaž Ivačič,SVN,GK,30,12.0,255,399,63.9,7915,5759,47,49,95.9,118,119,99.2,89,227,39.2,0,0.0,0.0,0.0,0,12,0,0,0,New England Revolution
Xavier Arreaga,ECU,DF,29,11.8,579,669,86.5,11558,4160,169,181,93.4,337,360,93.6,66,108,61.1,0,0.4,0.4,-0.4,5,27,2,0,23,New England Revolution
Ian Harkes,USA,MF,29,11.7,504,599,84.1,8448,2447,249,288,86.5,216,237,91.1,30,56,53.6,0,0.6,0.7,-0.6,10,52,8,2,60,New England Revolution
Tomás Chancalay,ARG,FW,25,10.3,252,348,72.4,4823,1024,113,128,88.3,97,124,78.2,35,69,50.7,1,1.9,2.0,-0.9,13,22,9,4,35,New England Revolution
Mark-Anthony Kaye,CAN,MF,29,9.7,480,579,82.9,8723,2867,206,232,88.8,213,240,88.8,52,78,66.7,0,0.4,0.8,-0.4,10,62,7,1,50,New England Revolution
Henrich Ravas,SVK,GK,26,8.0,161,235,68.5,4300,2964,26,26,100.0,87,88,98.9,48,119,40.3,0,0.0,0.0,0.0,0,0,0,0,0,New England Revolution
Noel Buck, ENG,MF,19,6.0,206,235,87.7,3500,883,85,93,91.4,106,113,93.8,10,18,55.6,1,0.7,0.6,0.3,6,21,4,0,31,New England Revolution
Dylan Borrero,COL,FW,22,5.6,211,272,77.6,3471,1034,118,135,87.4,74,97,76.3,18,30,60.0,2,0.8,1.0,1.2,8,19,16,4,27,New England Revolution
Nacho Gil,ESP,FW,28,5.2,151,193,78.2,2326,589,84,93,90.3,51,65,78.5,10,19,52.6,1,0.4,0.5,0.6,5,8,7,1,23,New England Revolution
Andrew Farrell,USA,DF,32,5.1,283,350,80.9,5004,1799,125,135,92.6,123,146,84.2,31,45,68.9,0,0.0,0.2,0.0,1,22,3,1,22,New England Revolution
Emmanuel Boateng,GHA,FW,30,4.2,95,130,73.1,1410,330,54,66,81.8,33,40,82.5,4,11,36.4,2,1.1,0.5,0.9,8,7,7,3,8,New England Revolution
Ryan Spaulding,USA,DF,25,4.2,170,217,78.3,2616,777,96,106,90.6,55,74,74.3,12,18,66.7,0,0.4,0.9,-0.4,3,6,6,3,9,New England Revolution
Brandon Bye,USA,DF,28,2.2,78,106,73.6,1555,540,29,35,82.9,39,49,79.6,10,14,71.4,0,0.0,0.2,0.0,1,4,1,0,6,New England Revolution
Jack Panayotou,USA,FW,20,1.9,53,71,74.6,807,212,30,31,96.8,20,24,83.3,2,8,25.0,0,0.0,0.0,0.0,0,6,0,0,13,New England Revolution
Jonathan Mensah,GHA,DF,34,1.9,63,79,79.7,1195,449,23,29,79.3,34,40,85.0,6,9,66.7,0,0.0,0.0,0.0,0,0,0,0,1,New England Revolution
Earl Edwards Jr.,USA,GK,32,1.0,38,41,92.7,1000,771,6,6,100.0,20,20,100.0,12,14,85.7,0,0.0,0.0,0.0,0,0,0,0,0,New England Revolution
Thomas McNamara,USA,MF,33,1.0,51,57,89.5,806,262,26,27,96.3,24,27,88.9,1,2,50.0,0,0.0,0.2,0.0,1,8,0,0,8,New England Revolution
Bobby Wood,USA,FW,31,0.8,13,22,59.1,174,41,6,12,50.0,5,6,83.3,0,1,0.0,0,0.1,0.0,-0.1,2,0,1,0,1,New England Revolution
Marcos Dias,BRA,FW,22,0.0,1,1,100.0,22,6,0,0,,1,1,100.0,0,0,,0,0.0,0.0,0.0,0,0,0,0,0,New England Revolution
Malcolm Fry,USA,FW,19,0.0,1,1,100.0,17,4,0,0,,1,1,100.0,0,0,,0,0.0,0.0,0.0,0,1,0,0,0,New England Revolution
Emeka Eneli,USA,MF,24,20.5,978,1098,89.1,15289,3642,500,556,89.9,405,435,93.1,49,60,81.7,1,0.4,1.0,0.6,13,99,11,0,93,Real Salt Lake
Cristian Arango,COL,FW,29,20.6,354,509,69.5,5841,1757,167,219,76.3,136,180,75.6,33,58,56.9,5,6.1,3.9,-1.1,43,51,30,3,82,Real Salt Lake
Braian Ojeda,PAR,MF,24,20.6,1111,1233,90.1,19082,4616,553,584,94.7,407,442,92.1,120,157,76.4,1,1.4,1.2,-0.4,17,114,9,1,123,Real Salt Lake
Carlos Gómez,COL,FW,21,19.1,369,557,66.2,5400,1596,222,265,83.8,115,180,63.9,17,54,31.5,7,7.7,5.1,-0.7,34,20,23,8,42,Real Salt Lake
Andrew Brody,USA,DF,29,19.3,1088,1271,85.6,17738,6037,544,594,91.6,458,531,86.3,73,113,64.6,1,1.0,1.2,0.0,14,85,13,8,102,Real Salt Lake
Diego Luna,USA,FW,20,16.6,635,784,81.0,10024,2427,340,382,89.0,237,276,85.9,39,77,50.6,8,4.3,3.1,3.7,35,62,19,1,82,Real Salt Lake
Zac MacMath,USA,GK,32,17.0,571,717,79.6,14932,10835,107,109,98.2,294,299,98.3,166,301,55.1,0,0.4,0.1,-0.4,3,21,3,0,2,Real Salt Lake
Brayan Vera,COL,DF,25,16.4,801,990,80.9,18233,7354,202,227,89.0,448,501,89.4,149,246,60.6,2,1.4,1.9,0.6,12,93,6,0,64,Real Salt Lake
Alexandros Katranis,GRE,DF,26,15.2,631,826,76.4,10096,3320,317,360,88.1,258,329,78.4,44,91,48.4,3,0.9,1.4,2.1,15,38,16,6,69,Real Salt Lake
Justen Glad,USA,DF,27,15.0,839,924,90.8,17004,5418,259,276,93.8,471,493,95.5,104,136,76.5,0,0.0,0.1,0.0,2,26,0,0,32,Real Salt Lake
Matt Crooks, ENG,MF,30,13.5,458,561,81.6,7082,1986,252,292,86.3,180,212,84.9,20,28,71.4,3,2.6,1.3,0.4,17,61,17,0,80,Real Salt Lake
Bode Davis,USA,DF,22,13.1,736,867,84.9,13656,5093,316,341,92.7,333,377,88.3,80,123,65.0,1,1.2,0.9,-0.2,15,47,8,1,56,Real Salt Lake
Anderson Julio,ECU,FW,28,9.2,116,150,77.3,1743,246,65,79,82.3,41,50,82.0,8,10,80.0,1,1.4,0.7,-0.4,14,4,6,0,9,Real Salt Lake
Gavin Beavers,USA,GK,19,6.0,152,200,76.0,3430,2072,46,46,100.0,69,70,98.6,36,83,43.4,0,0.0,0.0,0.0,0,0,0,0,1,Real Salt Lake
Philip Quinton,USA,DF,24,5.7,324,362,89.5,5998,1897,118,127,92.9,182,196,92.9,23,34,67.6,0,0.0,0.0,0.0,2,15,0,0,13,Real Salt Lake
Fidel Barajas,MEX,FW,18,6.3,140,175,80.0,2162,563,74,82,90.2,52,62,83.9,8,19,42.1,2,0.7,0.9,1.3,8,8,8,4,18,Real Salt Lake
Bryan Oviedo,CRC,DF,34,6.2,333,385,86.5,5691,1842,147,154,95.5,160,172,93.0,21,46,45.7,1,0.5,0.4,0.5,5,15,3,0,25,Real Salt Lake
Nelson Palacio,COL,MF,23,4.7,302,329,91.8,6069,1475,120,132,90.9,125,129,96.9,50,58,86.2,1,0.3,0.2,0.7,3,35,2,2,30,Real Salt Lake
Marcelo Silva,URU,DF,35,2.0,84,104,80.8,1504,627,33,37,89.2,44,49,89.8,5,15,33.3,0,0.0,0.0,0.0,0,5,0,0,8,Real Salt Lake
Pablo Ruíz,ARG,MF,25,1.9,71,105,67.6,1430,588,29,36,80.6,26,33,78.8,16,24,66.7,0,0.4,0.7,-0.4,6,9,6,0,16,Real Salt Lake
Maikel Chang,CUB,MF,33,2.2,99,137,72.3,1741,446,43,47,91.5,46,59,78.0,8,20,40.0,3,0.3,0.3,2.7,6,5,5,1,16,Real Salt Lake
Noel Caliskan,GER,MF,23,1.4,87,101,86.1,1300,312,46,51,90.2,31,35,88.6,5,8,62.5,0,0.0,0.1,0.0,1,13,0,0,9,Real Salt Lake
Matthew Bell,JAM,FW,21,0.2,11,12,91.7,156,32,8,9,88.9,3,3,100.0,0,0,,0,0.1,0.0,-0.1,3,1,1,0,2,Real Salt Lake
Tommy Silva,USA,DF,22,0.2,4,7,57.1,74,11,2,2,100.0,1,3,33.3,1,2,50.0,0,0.0,0.0,0.0,0,0,0,0,0,Real Salt Lake
Zavier Gozo,USA,FW,17,0.1,3,3,100.0,61,21,2,2,100.0,0,0,,1,1,100.0,0,0.0,0.0,0.0,0,0,0,0,0,Real Salt Lake
Hugo Lloris,FRA,GK,37,22.0,540,752,71.8,14845,10189,74,77,96.1,286,287,99.7,179,387,46.3,0,0.1,0.1,-0.1,2,13,1,0,0,Los Angeles FC
Denis Bouanga,GAB,FW,29,21.8,340,501,67.9,5292,1443,184,230,80.0,114,161,70.8,28,55,50.9,8,8.0,5.2,0.0,39,17,27,2,57,Los Angeles FC
Mateusz Bogusz,POL,FW,22,20.6,618,793,77.9,10542,2688,292,330,88.5,238,287,82.9,69,124,55.6,5,4.5,4.4,0.5,49,61,37,4,95,Los Angeles FC
Timmy Tillman,GER,MF,25,20.3,752,894,84.1,12553,3602,353,384,91.9,317,352,90.1,59,88,67.0,2,2.3,2.6,-0.3,28,83,28,2,125,Los Angeles FC
Eduard Atuesta,COL,MF,27,18.8,889,1098,81.0,16914,5823,365,395,92.4,386,448,86.2,119,208,57.2,1,1.9,2.6,-0.9,35,156,21,3,171,Los Angeles FC
Aaron Long,USA,DF,31,17.5,821,912,90.0,15371,5764,265,281,94.3,498,526,94.7,53,89,59.6,0,0.0,0.1,0.0,2,33,0,0,44,Los Angeles FC
Jesús David Murillo Largacha,COL,DF,30,17.8,706,847,83.4,14353,5399,195,218,89.4,429,464,92.5,75,143,52.4,0,0.2,0.4,-0.2,4,55,5,1,49,Los Angeles FC
Sergi Palencia,ESP,DF,28,17.3,801,1004,79.8,13226,5355,399,442,90.3,317,402,78.9,65,108,60.2,2,2.3,2.3,-0.3,17,60,24,9,74,Los Angeles FC
Ilie Sánchez,ESP,MF,33,17.3,771,895,86.1,13805,4594,300,340,88.2,393,423,92.9,63,101,62.4,1,1.5,0.7,-0.5,9,99,8,0,100,Los Angeles FC
Ryan Hollingshead,USA,DF,33,16.3,706,860,82.1,12123,3973,319,356,89.6,324,381,85.0,51,91,56.0,1,0.9,0.7,0.1,19,63,12,3,72,Los Angeles FC
Cristian Olivera,URU,FW,22,15.0,191,297,64.3,3073,722,111,147,75.5,59,92,64.1,16,27,59.3,1,3.7,1.3,-2.7,17,11,14,8,26,Los Angeles FC
Omar Campos,MEX,DF,21,9.9,395,508,77.8,6657,2091,195,221,88.2,168,204,82.4,28,63,44.4,1,1.9,1.5,-0.9,23,21,10,3,38,Los Angeles FC
Maxime Chanot,LUX,DF,34,7.7,451,489,92.2,8906,3053,121,127,95.3,284,295,96.3,39,56,69.6,2,0.1,0.1,1.9,3,13,2,0,16,Los Angeles FC
Kei Kamara,SLE,FW,39,7.0,85,117,72.6,1329,226,46,63,73.0,30,36,83.3,6,7,85.7,2,1.3,0.5,0.7,7,7,3,0,8,Los Angeles FC
Erik Duenas,USA,MF,19,3.5,112,127,88.2,1685,485,56,58,96.6,45,51,88.2,5,8,62.5,0,0.2,0.2,-0.2,6,14,3,0,22,Los Angeles FC
Eddie Segura,COL,DF,27,4.8,302,349,86.5,5603,1813,99,112,88.4,180,198,90.9,20,32,62.5,0,0.1,0.2,-0.1,3,22,0,0,13,Los Angeles FC
Nathan Ordaz,SLV,FW,20,2.0,42,55,76.4,593,123,28,34,82.4,9,13,69.2,3,3,100.0,2,1.5,0.6,0.5,4,2,1,0,5,Los Angeles FC
David Martínez,VEN,FW,18,1.4,27,41,65.9,467,122,11,16,68.8,13,17,76.5,3,4,75.0,1,0.3,0.4,0.7,3,1,4,0,5,Los Angeles FC
Tomas Ángel,COL,FW,21,0.6,17,22,77.3,266,54,6,7,85.7,6,9,66.7,2,3,66.7,0,0.0,0.1,0.0,1,0,1,0,1,Los Angeles FC
Luis Müller,GER,FW,23,0.1,7,9,77.8,85,15,6,6,100.0,1,1,100.0,0,0,,0,0.0,0.0,0.0,0,1,0,0,1,Los Angeles FC
Michael Boxall,NZL,DF,35,22.5,773,916,84.4,15042,5677,248,277,89.5,422,460,91.7,86,140,61.4,0,0.3,0.4,-0.3,5,55,4,0,51,Minnesota United
Jeong Sangbin,KOR,FW,22,17.9,323,535,60.4,4783,1501,183,248,73.8,107,169,63.3,17,57,29.8,0,2.1,1.9,-2.1,23,21,15,7,39,Minnesota United
Robin Lod,FIN,MF,31,17.3,552,718,76.9,8647,3214,296,343,86.3,191,238,80.3,43,81,53.1,8,4.2,5.7,3.8,35,71,45,5,119,Minnesota United
Joseph Rosales,HON,DF,23,17.8,651,920,70.8,11411,4135,329,375,87.7,220,296,74.3,86,191,45.0,6,6.4,5.0,-0.4,39,40,22,10,57,Minnesota United
Wil Trapp,USA,MF,31,17.3,696,835,83.4,12048,3906,313,365,85.8,301,345,87.2,66,92,71.7,0,0.5,1.0,-0.5,10,93,11,3,118,Minnesota United
D.J. Taylor,USA,DF,26,16.0,507,666,76.1,8774,3451,238,277,85.9,209,268,78.0,49,94,52.1,1,1.7,1.5,-0.7,11,44,12,4,63,Minnesota United
Miguel Tapias,MEX,DF,27,16.1,642,744,86.3,13811,5859,180,208,86.5,354,379,93.4,102,139,73.4,0,0.5,0.4,-0.5,5,45,5,0,53,Minnesota United
Devin Padelford,USA,DF,21,15.0,450,643,70.0,8097,3163,192,228,84.2,207,296,69.9,46,97,47.4,0,0.6,0.6,-0.6,8,32,10,6,38,Minnesota United
Dayne St. Clair,CAN,GK,27,15.0,278,518,53.7,8661,6809,40,40,100.0,121,125,96.8,115,349,33.0,0,0.0,0.0,0.0,0,8,1,0,1,Minnesota United
Hassani Dotson,USA,MF,26,14.6,548,689,79.5,9826,3201,237,304,78.0,222,248,89.5,68,89,76.4,1,1.0,1.4,0.0,8,71,20,3,98,Minnesota United
Bongokuhle Hlongwane,RSA,FW,24,13.2,245,338,72.5,3415,853,153,189,81.0,68,93,73.1,9,17,52.9,4,2.7,2.2,1.3,19,19,17,2,49,Minnesota United
Caden Clark,USA,DF,21,10.8,273,398,68.6,4274,1382,145,187,77.5,109,139,78.4,12,34,35.3,0,1.1,1.4,-1.1,9,20,10,1,40,Minnesota United
Teemu Pukki,FIN,FW,34,9.4,97,146,66.4,1360,287,54,76,71.1,35,44,79.5,4,6,66.7,0,0.4,1.2,-0.4,8,3,7,0,21,Minnesota United
Kervin Arriaga,HON,DF,26,9.8,397,491,80.9,7710,2993,163,180,90.6,174,202,86.1,56,96,58.3,0,0.1,0.2,-0.1,3,43,3,0,35,Minnesota United
Franco Fragapane,ARG,MF,31,7.1,242,300,80.7,3472,828,133,155,85.8,92,109,84.4,7,14,50.0,1,0.7,0.9,0.3,11,20,11,1,40,Minnesota United
Tani Oluwaseyi,CAN,FW,24,6.9,52,102,51.0,792,201,30,48,62.5,15,26,57.7,4,8,50.0,4,1.7,0.9,2.3,4,9,2,0,9,Minnesota United
Clint Irwin,USA,GK,35,5.0,117,148,79.1,2760,2086,34,34,100.0,55,56,98.2,28,57,49.1,0,0.0,0.0,0.0,0,1,0,0,1,Minnesota United
Alejandro Bran,CRC,MF,23,4.4,162,199,81.4,2826,744,79,84,94.0,56,67,83.6,20,33,60.6,0,0.1,0.1,-0.1,2,21,2,0,20,Minnesota United
Carlos Harvey,PAN,MF,24,3.6,132,157,84.1,2364,690,50,57,87.7,72,77,93.5,7,13,53.8,1,0.1,0.1,0.9,4,12,0,0,14,Minnesota United
Alec Smir,USA,GK,25,3.0,49,73,67.1,1224,913,19,19,100.0,17,18,94.4,13,35,37.1,0,0.0,0.0,0.0,0,1,0,0,0,Minnesota United
Victor Eriksson,SWE,DF,23,1.8,65,84,77.4,1206,405,23,26,88.5,35,37,94.6,7,17,41.2,0,0.0,0.0,0.0,2,4,0,0,1,Minnesota United
Jordan Adebayo-Smith,NGA,FW,24,2.8,34,52,65.4,415,47,22,30,73.3,9,14,64.3,0,0,,0,0.0,0.1,0.0,1,3,1,0,3,Minnesota United
Moses Nyeman,USA,MF,20,1.5,38,48,79.2,493,217,20,23,87.0,14,18,77.8,0,2,0.0,0,0.0,0.0,0.0,1,4,0,0,6,Minnesota United
Hugo Bacharach,ESP,DF,22,1.0,53,59,89.8,1103,397,12,13,92.3,33,36,91.7,6,8,75.0,0,0.0,0.0,0.0,0,5,0,0,6,Minnesota United
Morris Duggan,GER,DF,23,0.5,17,24,70.8,347,187,8,9,88.9,5,6,83.3,4,9,44.4,0,0.0,0.0,0.0,0,1,0,0,2,Minnesota United
Loïc Mesanvi,TOG,FW,20,0.5,7,12,58.3,96,49,4,6,66.7,3,3,100.0,0,0,,0,0.0,0.0,0.0,0,1,1,0,3,Minnesota United
Zarek Valentin,PUR,DF,32,0.4,8,11,72.7,149,75,3,3,100.0,1,1,100.0,3,6,50.0,0,0.0,0.0,0.0,0,1,1,0,2,Minnesota United
Patrick Weah,LBR,FW,20,0.4,5,10,50.0,83,2,2,4,50.0,0,2,0.0,2,3,66.7,0,0.0,0.0,0.0,0,0,0,0,0,Minnesota United
Emanuel Reynoso,ARG,MF,28,0.3,16,22,72.7,225,91,11,14,78.6,3,5,60.0,1,1,100.0,0,0.0,0.2,0.0,0,2,1,0,3,Minnesota United
Kage Romanshyn,USA,FW,19,0.1,3,5,60.0,21,5,2,2,100.0,0,0,,0,1,0.0,0,0.0,0.0,0.0,0,0,0,0,0,Minnesota United
Rory O'Driscoll,USA,FW,24,0.0,2,3,66.7,22,0,2,2,100.0,0,0,,0,0,,0,0.0,0.0,0.0,0,0,0,0,0,Minnesota United
Maya Yoshida,JPN,DF,35,23.7,1487,1608,92.5,27350,10340,549,577,95.1,799,826,96.7,118,169,69.8,0,0.1,0.4,-0.1,2,54,1,0,43,LA Galaxy
Miki Yamane,JPN,DF,30,22.7,1367,1561,87.6,20745,6229,744,802,92.8,526,600,87.7,61,100,61.0,4,2.1,1.6,1.9,13,102,18,9,114,LA Galaxy
John McCarthy,USA,GK,32,22.0,494,692,71.4,11941,8893,134,135,99.3,236,241,97.9,123,312,39.4,0,0.2,0.0,-0.2,1,4,0,0,0,LA Galaxy
Marky Delgado,USA,MF,29,21.3,1416,1604,88.3,22016,6719,732,776,94.3,512,581,88.1,101,138,73.2,3,3.1,3.2,-0.1,34,152,34,4,172,LA Galaxy
Gabriel Chaves,BRA,FW,23,20.3,703,828,84.9,9881,1668,399,422,94.5,245,279,87.8,22,43,51.2,7,4.9,3.7,2.1,26,15,23,1,63,LA Galaxy
Julián Aude,ARG,DF,21,18.0,852,1025,83.1,12957,4293,489,528,92.6,317,381,83.2,36,75,48.0,2,1.4,1.8,0.6,11,38,7,3,54,LA Galaxy
Riqui Puig,ESP,MF,24,19.2,1641,1930,85.0,29249,9324,749,838,89.4,647,724,89.4,201,255,78.8,5,4.6,4.3,0.4,36,229,58,1,270,LA Galaxy
Joseph Paintsil,GHA,FW,26,16.9,489,627,78.0,7088,1615,277,311,89.1,157,203,77.3,28,50,56.0,4,3.6,3.3,0.4,34,19,37,7,52,LA Galaxy
Dejan Joveljić,SRB,FW,24,16.3,198,286,69.2,2689,473,114,154,74.0,63,79,79.7,6,10,60.0,5,3.0,1.3,2.0,25,11,9,0,34,LA Galaxy
Edwin Cerrillo,USA,MF,23,16.1,1088,1147,94.9,17256,4768,557,580,96.0,412,423,97.4,70,83,84.3,0,0.2,0.5,-0.2,4,70,3,0,55,LA Galaxy
Diego Fagúndez,URU,FW,29,14.3,564,686,82.2,8640,2782,328,355,92.4,168,196,85.7,41,84,48.8,0,2.4,2.6,-2.4,36,52,24,1,66,LA Galaxy
Martín Cáceres,URU,DF,37,10.7,629,670,93.9,10282,3456,281,292,96.2,302,312,96.8,28,43,65.1,0,0.3,0.1,-0.3,2,23,0,0,23,LA Galaxy
Jalen Neal,USA,DF,20,10.4,646,687,94.0,11087,3880,267,276,96.7,334,346,96.5,33,45,73.3,0,0.0,0.1,0.0,1,28,0,0,25,LA Galaxy
Gastón Brugman,URU,MF,31,9.5,612,689,88.8,10118,3443,309,335,92.2,224,243,92.2,57,76,75.0,1,0.9,1.1,0.1,9,69,10,2,84,LA Galaxy
Miguel Berry,ESP,FW,26,7.3,86,129,66.7,1066,244,54,71,76.1,23,33,69.7,2,5,40.0,0,0.5,0.6,-0.5,8,7,2,0,10,LA Galaxy
John Nelson,USA,DF,26,5.1,250,296,84.5,3859,1485,136,149,91.3,100,117,85.5,10,22,45.5,0,0.1,0.1,-0.1,1,26,3,0,24,LA Galaxy
Novak Mićović,SRB,GK,22,2.0,65,70,92.9,1338,936,23,23,100.0,33,33,100.0,9,14,64.3,0,0.0,0.0,0.0,0,1,1,0,0,LA Galaxy
Jonathan Perez,MEX,FW,21,1.5,57,65,87.7,957,270,30,33,90.9,14,15,93.3,8,10,80.0,0,0.3,0.2,-0.3,4,1,1,0,2,LA Galaxy
Eriq Zavaleta,SLV,DF,31,1.8,87,97,89.7,1350,508,43,43,100.0,42,45,93.3,1,7,14.3,0,0.0,0.0,0.0,0,0,0,0,1,LA Galaxy
Tucker Lepley,USA,MF,22,0.5,16,17,94.1,272,97,7,7,100.0,7,7,100.0,1,2,50.0,0,0.0,0.0,0.0,0,0,0,0,0,LA Galaxy
Mauricio Cuevas,USA,DF,21,2.1,105,138,76.1,1665,434,54,65,83.1,32,38,84.2,10,18,55.6,1,0.9,0.7,0.1,2,10,5,2,9,LA Galaxy
Daniel Aguirre,USA,MF,25,1.2,88,99,88.9,1143,375,54,56,96.4,25,27,92.6,2,2,100.0,0,0.2,0.2,-0.2,2,10,1,0,14,LA Galaxy
Carlos Garcés,COL,DF,22,0.3,22,22,100.0,408,198,4,4,100.0,15,15,100.0,1,1,100.0,0,0.0,0.0,0.0,0,0,0,0,2,LA Galaxy
Isaiah Parente,USA,MF,24,0.3,28,30,93.3,563,120,10,11,90.9,8,8,100.0,7,8,87.5,0,0.0,0.0,0.0,0,4,0,0,3,LA Galaxy
Rubén Ramos,USA,FW,17,0.2,4,5,80.0,51,5,3,3,100.0,1,1,100.0,0,0,,0,0.0,0.0,0.0,0,0,0,0,1,LA Galaxy
Yohei Takaoka,JPN,GK,28,22.0,510,699,73.0,14515,9487,95,95,100.0,252,253,99.6,162,347,46.7,0,0.0,0.0,0.0,0,13,0,0,1,Vancouver Whitecaps
Ryan Gauld, SCO,FW,28,21.2,730,973,75.0,13650,3903,312,344,90.7,293,374,78.3,110,198,55.6,8,7.9,6.8,0.1,61,85,39,10,128,Vancouver Whitecaps
Brian White,USA,FW,28,19.2,226,342,66.1,2995,417,143,189,75.7,64,102,62.7,7,10,70.0,2,2.3,2.3,-0.3,14,7,4,1,20,Vancouver Whitecaps
Ranko Veselinović,SRB,DF,25,18.7,843,934,90.3,17863,4976,138,154,89.6,623,647,96.3,80,123,65.0,1,0.1,0.3,0.9,3,22,1,0,13,Vancouver Whitecaps
Andrés Cubas,PAR,MF,28,15.4,682,767,88.9,13614,3771,236,254,92.9,331,357,92.7,99,128,77.3,1,0.6,0.3,0.4,1,62,3,0,58,Vancouver Whitecaps
Pedro Vite,ECU,MF,22,15.3,779,889,87.6,15035,4556,297,324,91.7,360,391,92.1,104,137,75.9,1,0.4,1.5,0.6,6,102,14,1,120,Vancouver Whitecaps
Mathías Laborda,URU,DF,24,14.6,738,861,85.7,14916,4941,201,224,89.7,451,485,93.0,86,135,63.7,0,0.4,0.4,-0.4,4,39,5,2,29,Vancouver Whitecaps
Alessandro Schöpf,AUT,MF,30,12.8,534,611,87.4,9164,2156,243,266,91.4,230,249,92.4,48,60,80.0,1,1.6,1.8,-0.6,11,57,9,3,68,Vancouver Whitecaps
Tristan Blackmon,USA,DF,27,14.0,806,946,85.2,16327,6106,239,258,92.6,458,503,91.1,103,162,63.6,1,0.2,0.5,0.8,5,61,1,0,47,Vancouver Whitecaps
Ryan Raposo,CAN,DF,25,12.1,368,484,76.0,6493,1706,169,200,84.5,157,187,84.0,35,71,49.3,4,2.0,2.8,2.0,23,18,15,12,26,Vancouver Whitecaps
Fafà Picault,HAI,FW,33,11.7,294,379,77.6,4674,859,157,180,87.2,106,134,79.1,23,35,65.7,3,2.8,1.2,0.2,12,16,19,9,26,Vancouver Whitecaps
Javain Brown,JAM,DF,25,10.8,499,631,79.1,9694,3188,161,186,86.6,290,339,85.5,45,93,48.4,1,0.4,0.8,0.6,5,34,9,6,31,Vancouver Whitecaps
Ali Ahmed,CAN,MF,23,10.7,376,468,80.3,6029,1765,199,219,90.9,153,178,86.0,20,37,54.1,0,2.4,1.7,-2.4,19,21,19,6,45,Vancouver Whitecaps
Bjørn Inge Utvik,NOR,DF,28,9.8,554,640,86.6,11650,4126,150,159,94.3,317,344,92.2,84,122,68.9,0,0.1,0.3,-0.1,1,47,1,1,32,Vancouver Whitecaps
Sebastian Berhalter,USA,MF,23,11.0,422,538,78.4,8904,2826,169,188,89.9,153,184,83.2,93,143,65.0,0,2.1,2.6,-2.1,23,55,17,7,56,Vancouver Whitecaps
Luís Martins,POR,DF,32,7.9,350,443,79.0,6502,2097,133,150,88.7,176,205,85.9,36,67,53.7,1,0.8,0.9,0.2,7,28,11,6,26,Vancouver Whitecaps
Damir Kreilach,CRO,FW,35,4.2,82,102,80.4,1027,160,46,55,83.6,24,28,85.7,2,3,66.7,0,0.0,0.0,0.0,1,6,0,0,5,Vancouver Whitecaps
Levonte Johnson,CAN,FW,25,3.9,70,92,76.1,1120,260,35,41,85.4,31,38,81.6,2,2,100.0,0,0.0,0.1,0.0,0,5,2,0,9,Vancouver Whitecaps
Sam Adekugbe,CAN,MF,29,2.7,133,164,81.1,2116,595,61,68,89.7,64,76,84.2,3,9,33.3,1,1.1,1.0,-0.1,7,9,7,3,15,Vancouver Whitecaps
Giuseppe Bovalina,AUS,DF,19,1.8,32,49,65.3,576,210,16,21,76.2,9,15,60.0,6,8,75.0,0,0.0,0.2,0.0,1,1,0,0,2,Vancouver Whitecaps
Ralph Priso-Mbongue,CAN,MF,21,0.9,31,38,81.6,538,190,15,16,93.8,10,13,76.9,4,6,66.7,1,0.1,0.0,0.9,2,5,2,0,6,Vancouver Whitecaps
Nicolas Fleuriau,CAN,FW,22,0.1,0,2,0.0,0,0,0,0,,0,1,0.0,0,0,,0,0.0,0.0,0.0,0,0,0,0,0,Vancouver Whitecaps
Jay Herdman,NZL,FW,19,0.1,8,9,88.9,135,16,3,3,100.0,5,5,100.0,0,0,,0,0.0,0.0,0.0,0,0,0,0,0,Vancouver Whitecaps
Cyprian Kachwele,TAN,MF,19,0.0,1,2,50.0,6,6,1,1,100.0,0,0,,0,0,,0,0.0,0.0,0.0,0,0,0,0,0,Vancouver Whitecaps
Brad Stuver,USA,GK,33,23.0,759,997,76.1,20204,15050,157,158,99.4,371,372,99.7,228,461,49.5,0,0.0,0.1,0.0,0,22,0,0,2,Austin FC
Jáder Obrian,COL,FW,29,17.4,304,431,70.5,4340,1035,180,234,76.9,93,126,73.8,15,24,62.5,2,1.3,1.4,0.7,11,14,18,4,35,Austin FC
Alexander Ring,FIN,MF,33,20.7,760,953,79.7,13264,3974,353,406,86.9,315,357,88.2,74,142,52.1,3,1.7,1.7,1.3,18,86,14,1,113,Austin FC
Jon Gallagher,IRL,DF,28,19.9,707,928,76.2,13343,3917,262,301,87.0,351,439,80.0,81,147,55.1,1,0.9,1.8,0.1,15,62,21,17,65,Austin FC
Diego Rubio,CHI,FW,31,16.3,279,398,70.1,4289,864,151,199,75.9,93,120,77.5,24,38,63.2,0,0.3,0.5,-0.3,6,22,4,0,44,Austin FC
Brendan Hines-Ike,USA,DF,29,18.4,1025,1118,91.7,19945,6917,348,373,93.3,562,586,95.9,108,145,74.5,0,0.0,0.4,0.0,0,54,3,0,58,Austin FC
Sebastián Driussi,ARG,MF,28,16.5,544,656,82.9,10150,2955,231,256,90.2,223,250,89.2,74,112,66.1,2,1.8,2.5,0.2,17,84,19,2,103,Austin FC
Guilherme Biro,BRA,DF,24,15.8,665,850,78.2,11787,4355,310,347,89.3,268,334,80.2,74,129,57.4,0,1.5,1.0,-1.5,10,56,14,8,50,Austin FC
Daniel Pereira,VEN,MF,24,14.6,626,700,89.4,11185,2787,273,286,95.5,277,305,90.8,63,81,77.8,2,1.5,1.1,0.5,11,49,16,4,68,Austin FC
Julio Cascante,CRC,DF,30,13.7,601,705,85.2,12134,4800,186,219,84.9,345,372,92.7,68,103,66.0,0,0.0,0.1,0.0,2,49,2,0,42,Austin FC
Owen Wolff,USA,FW,19,14.3,441,551,80.0,7623,1939,198,215,92.1,194,236,82.2,38,73,52.1,3,1.4,2.1,1.6,18,33,18,5,63,Austin FC
Jhojan Valencia,COL,MF,27,11.1,462,519,89.0,9543,2511,148,161,91.9,221,235,94.0,86,104,82.7,0,0.2,0.2,-0.2,2,61,2,0,49,Austin FC
Leo Väisänen,FIN,DF,26,7.9,397,433,91.7,7689,2433,124,136,91.2,215,226,95.1,48,56,85.7,0,0.0,0.1,0.0,0,18,1,0,23,Austin FC
Ethan Finlay,USA,FW,33,7.8,115,160,71.9,1719,398,68,74,91.9,34,50,68.0,10,17,58.8,0,0.2,0.4,-0.2,3,5,8,4,14,Austin FC
Emiliano Rigoni,ARG,FW,31,7.8,164,230,71.3,2954,842,75,92,81.5,65,84,77.4,19,38,50.0,0,1.3,1.0,-1.3,11,7,11,5,22,Austin FC
Gyasi Zardes,USA,FW,32,8.9,117,174,67.2,1627,287,71,92,77.2,32,50,64.0,8,10,80.0,2,0.2,0.2,1.8,4,6,1,1,11,Austin FC
Matt Hedges,USA,DF,34,6.2,214,266,80.5,4406,1774,71,84,84.5,112,132,84.8,30,45,66.7,0,0.0,0.1,0.0,0,6,0,0,7,Austin FC
Žan Kolmanič,SVN,DF,24,5.6,235,313,75.1,4678,1546,77,86,89.5,115,144,79.9,36,63,57.1,1,0.8,1.0,0.2,10,16,8,5,18,Austin FC
Hector Jiménez,USA,DF,35,4.7,226,263,85.9,3885,1356,107,114,93.9,97,110,88.2,19,30,63.3,1,0.7,0.6,0.3,4,23,3,0,33,Austin FC
CJ Fodrey,USA,FW,20,1.9,40,69,58.0,601,155,25,32,78.1,10,21,47.6,3,9,33.3,1,0.3,0.0,0.7,4,4,0,0,4,Austin FC
Alonso Ramírez,MEX,MF,22,0.3,22,24,91.7,336,57,14,15,93.3,7,8,87.5,1,1,100.0,0,0.0,0.0,0.0,0,1,0,0,0,Austin FC
Bryant Farkarlun,USA,FW,23,0.1,0,1,0.0,0,0,0,0,,0,0,,0,0,,0,0.0,0.0,0.0,0,0,0,0,0,Austin FC
Artur,BRA,MF,28,21.9,1362,1541,88.4,24331,7911,613,664,92.3,554,600,92.3,155,208,74.5,1,0.3,0.9,0.7,11,133,19,0,161,Houston Dynamo
Aliyu Ibrahim,NGA,FW,22,20.6,451,551,81.9,6086,992,276,318,86.8,135,165,81.8,13,18,72.2,3,1.5,2.1,1.5,18,13,16,1,32,Houston Dynamo
Griffin Dorsey,USA,DF,25,18.8,682,867,78.7,11083,2257,340,384,88.5,286,350,81.7,38,74,51.4,2,3.3,2.8,-1.3,22,21,19,9,36,Houston Dynamo
Micael,BRA,DF,23,19.8,1258,1406,89.5,23668,10302,434,454,95.6,679,727,93.4,124,186,66.7,0,0.4,0.7,-0.4,4,42,1,0,26,Houston Dynamo
Steve Clark,USA,GK,38,18.8,467,563,82.9,10485,6784,137,137,100.0,210,219,95.9,114,201,56.7,0,0.0,0.0,0.0,0,1,0,0,0,Houston Dynamo
Amine Bassi,FRA,MF,26,18.3,1020,1209,84.4,16528,4606,545,598,91.1,318,360,88.3,102,150,68.0,5,3.8,4.6,1.2,53,114,46,11,164,Houston Dynamo
Adalberto Carrasquilla,PAN,FW,25,16.6,690,858,80.4,11369,3416,355,406,87.4,244,301,81.1,71,104,68.3,2,3.2,2.5,-1.2,28,77,34,3,111,Houston Dynamo
Sebastian Kowalczyk,POL,FW,25,16.3,463,560,82.7,6554,1220,254,287,88.5,144,173,83.2,24,37,64.9,1,0.9,1.5,0.1,16,40,12,1,51,Houston Dynamo
Erik Sviatchenko,DEN,DF,32,15.2,660,816,80.9,13276,4468,215,240,89.6,354,398,88.9,82,148,55.4,1,0.5,0.4,0.5,6,48,5,2,39,Houston Dynamo
Héctor Herrera,MEX,MF,34,12.0,1002,1142,87.7,17219,6045,516,550,93.8,349,382,91.4,113,164,68.9,1,1.2,2.3,-0.2,28,98,15,0,119,Houston Dynamo
Franco Escobar,ARG,DF,29,10.7,621,706,88.0,9270,3351,351,379,92.6,211,229,92.1,38,49,77.6,0,0.5,0.5,-0.5,6,39,2,1,39,Houston Dynamo
Latif Blessing,GHA,FW,27,8.0,174,228,76.3,2361,387,108,125,86.4,53,69,76.8,6,13,46.2,0,1.1,0.6,-1.1,7,8,2,0,15,Houston Dynamo
Daniel Steres,USA,DF,33,9.5,512,609,84.1,8944,3101,236,260,90.8,222,262,84.7,47,69,68.1,1,0.3,0.4,0.7,6,37,2,1,39,Houston Dynamo
Ethan Bartlow,USA,DF,24,8.4,441,517,85.3,9796,3643,114,123,92.7,242,258,93.8,80,122,65.6,0,0.0,0.2,0.0,1,22,6,1,25,Houston Dynamo
Sebastián Ferreira,PAR,FW,26,5.3,105,142,73.9,1424,160,61,75,81.3,26,33,78.8,8,10,80.0,2,1.0,0.9,1.0,8,5,0,0,5,Houston Dynamo
Tate Schmitt,USA,DF,27,4.7,259,355,73.0,4697,1322,110,127,86.6,117,139,84.2,27,66,40.9,0,0.3,0.5,-0.3,6,20,5,4,22,Houston Dynamo
Ján Greguš,SVK,MF,33,4.2,287,314,91.4,4883,1315,136,145,93.8,124,132,93.9,20,23,87.0,0,0.1,0.2,-0.1,3,30,1,1,27,Houston Dynamo
Andrew Tarbell,USA,GK,30,3.2,73,93,78.5,1929,1275,14,14,100.0,37,38,97.4,22,41,53.7,0,0.0,0.0,0.0,0,1,0,0,0,Houston Dynamo
Brooklyn Raines,USA,MF,19,2.8,142,159,89.3,2147,481,82,87,94.3,52,55,94.5,5,10,50.0,0,0.1,0.1,-0.1,2,10,2,0,11,Houston Dynamo
Gabe Segal,USA,FW,23,2.1,30,43,69.8,416,48,17,23,73.9,11,15,73.3,1,1,100.0,0,0.3,0.1,-0.3,4,1,2,0,2,Houston Dynamo
Brad Smith,AUS,FW,30,3.6,120,154,77.9,1873,503,67,70,95.7,40,53,75.5,8,18,44.4,2,1.1,0.7,0.9,7,6,4,3,8,Houston Dynamo
McKinze Gaines,USA,MF,26,0.2,1,1,100.0,10,0,1,1,100.0,0,0,,0,0,,0,0.0,0.0,0.0,0,0,0,0,0,Houston Dynamo
Jefferson Valverde,ECU,DF,25,0.1,9,9,100.0,166,71,4,4,100.0,4,4,100.0,1,1,100.0,0,0.0,0.0,0.0,0,1,0,0,2,Houston Dynamo
Andreas Maxsø,DEN,DF,30,24.0,960,1100,87.3,18617,6600,277,316,87.7,607,644,94.3,69,120,57.5,1,0.4,0.3,0.6,4,49,0,0,67,Colorado Rapids
Zack Steffen,USA,GK,29,24.0,542,784,69.1,16310,12150,92,92,100.0,226,232,97.4,221,450,49.1,0,0.0,0.0,0.0,1,14,1,0,0,Colorado Rapids
Cole Bassett,USA,MF,22,23.8,1217,1441,84.5,19874,5859,603,656,91.9,488,560,87.1,94,153,61.4,5,3.4,2.8,1.6,28,148,18,2,191,Colorado Rapids
Rafael Navarro,BRA,FW,24,21.1,345,495,69.7,4494,1054,200,265,75.5,88,119,73.9,15,23,65.2,1,1.5,1.8,-0.5,15,21,18,3,47,Colorado Rapids
Keegan Rosenberry,USA,DF,30,21.7,948,1298,73.0,16983,6662,442,510,86.7,382,484,78.9,105,238,44.1,0,1.5,2.9,-1.5,13,103,20,10,108,Colorado Rapids
Sam Vines,USA,DF,25,20.6,1001,1238,80.9,15358,5644,538,588,91.5,362,459,78.9,55,110,50.0,1,1.7,2.0,-0.7,13,99,24,9,127,Colorado Rapids
Djordje Mihailovic,USA,MF,25,20.4,703,925,76.0,12974,5047,313,366,85.5,252,303,83.2,111,202,55.0,6,6.3,6.5,-0.3,61,84,44,6,144,Colorado Rapids
Oliver Larraz,USA,MF,22,17.3,641,782,82.0,10677,2886,310,348,89.1,258,295,87.5,58,98,59.2,0,1.5,1.0,-1.5,16,87,11,1,93,Colorado Rapids
Kevin Cabral,FRA,FW,25,13.8,239,318,75.2,3392,826,156,181,86.2,56,79,70.9,18,26,69.2,2,2.0,2.0,0.0,15,17,16,4,32,Colorado Rapids
Moïse Bombito,CAN,DF,24,15.2,647,767,84.4,12927,4772,196,224,87.5,361,402,89.8,78,119,65.5,0,0.1,0.5,-0.1,2,67,4,0,71,Colorado Rapids
Omir Fernandez,USA,FW,25,13.8,273,356,76.7,3663,1062,165,194,85.1,79,97,81.4,8,20,40.0,3,1.7,2.4,1.3,18,20,17,4,35,Colorado Rapids
Calvin Harris, ENG,FW,24,11.5,248,328,75.6,3402,689,159,182,87.4,67,89,75.3,10,22,45.5,3,2.1,2.1,0.9,16,8,19,7,30,Colorado Rapids
Connor Ronan,IRL,MF,26,10.6,725,869,83.4,12341,4761,346,376,92.0,280,319,87.8,75,129,58.1,1,1.0,1.8,0.0,10,119,15,6,115,Colorado Rapids
Lalas Abubakar,GHA,DF,29,7.7,331,372,89.0,6139,1804,107,119,89.9,201,220,91.4,20,28,71.4,0,0.0,0.0,0.0,0,16,0,0,20,Colorado Rapids
Darren Yapi,USA,FW,19,5.6,69,108,63.9,811,188,43,56,76.8,20,35,57.1,0,2,0.0,0,0.3,0.2,-0.3,4,4,2,0,10,Colorado Rapids
Sebastian Anderson,USA,DF,21,3.6,108,151,71.5,1904,684,44,51,86.3,46,59,78.0,13,26,50.0,1,0.9,0.2,0.1,1,5,4,0,10,Colorado Rapids
Jackson Travis,USA,DF,20,1.7,73,82,89.0,1082,315,39,43,90.7,28,29,96.6,4,6,66.7,0,0.0,0.2,0.0,2,2,3,2,6,Colorado Rapids
Jasper Löffelsend,GER,MF,26,2.5,84,106,79.2,1516,361,33,40,82.5,43,50,86.0,6,9,66.7,0,0.0,0.2,0.0,0,6,2,1,9,Colorado Rapids
Michael Edwards,USA,DF,23,1.3,62,72,86.1,1227,508,17,20,85.0,40,45,88.9,5,6,83.3,0,0.0,0.0,0.0,1,5,0,0,4,Colorado Rapids
Jonathan Lewis,USA,FW,27,2.4,79,96,82.3,966,273,49,53,92.5,20,25,80.0,1,2,50.0,1,0.4,0.5,0.6,4,4,9,0,18,Colorado Rapids
Kimani Stewart-Baynes,CAN,MF,19,0.7,14,24,58.3,226,28,7,11,63.6,6,10,60.0,1,2,50.0,1,0.2,0.2,0.8,1,1,0,0,0,Colorado Rapids
Lamine Diack,SEN,FW,23,0.2,8,10,80.0,91,43,5,6,83.3,2,3,66.7,0,0,,0,0.0,0.0,0.0,0,2,0,0,2,Colorado Rapids
Wayne Frederick,TRI,MF,20,0.0,1,1,100.0,21,14,0,0,,1,1,100.0,0,0,,0,0.0,0.0,0.0,0,0,0,0,1,Colorado Rapids
Juan David Mosquera,COL,DF,21,21.2,966,1170,82.6,16132,5201,483,523,92.4,379,450,84.2,83,125,66.4,4,4.4,4.3,-0.4,32,61,43,13,100,Portland Timbers
Santiago Moreno,COL,FW,24,18.8,652,851,76.6,10725,3515,347,409,84.8,223,285,78.2,60,90,66.7,8,5.5,4.7,2.5,42,74,48,7,131,Portland Timbers
Diego Chará,COL,MF,38,19.0,878,972,90.3,15204,5128,406,437,92.9,379,403,94.0,80,104,76.9,0,0.4,0.8,-0.4,7,105,8,2,94,Portland Timbers
Jonathan Rodríguez,URU,FW,31,18.9,339,477,71.1,5344,999,181,232,78.0,129,177,72.9,19,26,73.1,4,4.4,3.1,-0.4,21,15,13,1,39,Portland Timbers
Evander,BRA,MF,26,18.3,775,978,79.2,14059,4470,367,403,91.1,264,314,84.1,114,199,57.3,10,6.6,7.1,3.4,55,110,40,5,137,Portland Timbers
Dario Župarić,BIH,DF,32,16.0,737,852,86.5,15108,5423,201,226,88.9,432,479,90.2,96,129,74.4,0,0.0,0.6,0.0,1,35,4,0,38,Portland Timbers
Antony,BRA,FW,22,15.1,320,437,73.2,4643,976,192,233,82.4,98,132,74.2,17,29,58.6,3,2.4,2.0,0.6,17,19,14,5,28,Portland Timbers
Kamal Miller,CAN,DF,27,15.0,741,877,84.5,15925,7018,207,229,90.4,403,444,90.8,127,190,66.8,0,0.0,0.1,0.0,0,53,1,0,48,Portland Timbers
Felipe Mora,CHI,FW,30,13.7,177,250,70.8,2402,281,100,125,80.0,53,73,72.6,7,10,70.0,1,1.2,1.5,-0.2,14,9,6,0,13,Portland Timbers
Maxime Crépeau,CAN,GK,30,12.5,399,505,79.0,11060,7669,59,59,100.0,213,217,98.2,126,226,55.8,0,0.0,0.0,0.0,0,9,1,0,2,Portland Timbers
Claudio Bravo,ARG,DF,27,11.5,474,620,76.5,8644,3310,202,230,87.8,209,250,83.6,54,105,51.4,1,0.4,0.9,0.6,5,49,9,3,54,Portland Timbers
David Ayala,ARG,MF,21,10.0,432,514,84.0,9207,2315,138,157,87.9,203,229,88.6,84,110,76.4,1,0.8,0.6,0.2,8,59,10,3,53,Portland Timbers
Cristhian Paredes,PAR,MF,26,12.3,423,519,81.5,6980,1915,224,251,89.2,160,191,83.8,33,50,66.0,2,0.8,0.7,1.2,13,48,10,2,50,Portland Timbers
James Pantemis,CAN,GK,27,11.5,288,432,66.7,8656,6870,30,31,96.8,167,169,98.8,90,227,39.6,0,0.0,0.0,0.0,0,10,0,0,0,Portland Timbers
Miguel Araujo,PER,DF,29,10.8,441,526,83.8,9001,3353,128,136,94.1,245,264,92.8,60,113,53.1,0,0.4,0.3,-0.4,2,25,3,0,29,Portland Timbers
Zac McGraw,CAN,DF,27,9.4,495,584,84.8,9474,3212,164,175,93.7,286,312,91.7,43,86,50.0,0,0.0,0.1,0.0,0,13,0,0,22,Portland Timbers
Eric Miller,USA,DF,31,10.4,407,502,81.1,6782,2111,197,218,90.4,173,216,80.1,30,53,56.6,1,0.3,0.2,0.7,1,32,2,2,28,Portland Timbers
Eryk Williamson,USA,MF,27,8.7,300,378,79.4,4905,1738,142,166,85.5,122,141,86.5,23,44,52.3,2,0.6,1.4,1.4,9,40,9,2,58,Portland Timbers
Dairon Asprilla,COL,FW,32,7.6,184,246,74.8,2726,563,100,120,83.3,68,81,84.0,7,12,58.3,1,0.9,1.1,0.1,7,7,3,1,12,Portland Timbers
Nathan Fogaça,BRA,FW,25,2.0,22,39,56.4,279,81,15,19,78.9,7,12,58.3,0,1,0.0,0,0.0,0.0,0.0,0,1,1,0,4,Portland Timbers
Larrys Mabiala,COD,DF,36,0.5,37,41,90.2,629,278,17,17,100.0,18,19,94.7,2,4,50.0,0,0.0,0.0,0.0,0,2,0,0,2,Portland Timbers
Victor Enriquez,,MF,,0.1,8,8,100.0,173,63,1,1,100.0,6,6,100.0,1,1,100.0,0,0.0,0.1,0.0,1,1,0,0,2,Portland Timbers
Sawyer Jura,USA,DF,18,0.0,4,6,66.7,66,47,2,4,50.0,2,2,100.0,0,0,,0,0.0,0.0,0.0,0,0,0,0,1,Portland Timbers
Jackson Ragen,USA,DF,25,21.2,1173,1319,88.9,24354,10620,341,366,93.2,653,696,93.8,170,232,73.3,1,0.4,0.8,0.6,5,68,4,0,89,Seattle Sounders
Cristian Roldan,USA,MF,29,21.1,947,1187,79.8,15881,5028,480,542,88.6,341,413,82.6,92,153,60.1,1,2.5,4.2,-1.5,26,87,35,8,127,Seattle Sounders
Jordan Morris,USA,FW,29,20.2,361,469,77.0,4776,943,239,289,82.7,96,122,78.7,12,17,70.6,1,4.2,2.9,-3.2,30,20,16,2,43,Seattle Sounders
Obed Vargas,USA,MF,18,19.7,685,825,83.0,9806,2266,367,415,88.4,236,272,86.8,31,54,57.4,3,1.9,1.4,1.1,19,48,12,1,75,Seattle Sounders
Stefan Frei,SUI,GK,38,18.3,381,531,71.8,10925,8058,58,58,100.0,178,179,99.4,143,291,49.1,0,0.0,0.0,0.0,0,6,0,0,1,Seattle Sounders
Yeimar Gómez Andrade,COL,DF,32,17.6,852,987,86.3,15443,6153,341,361,94.5,419,469,89.3,78,123,63.4,0,0.3,0.4,-0.3,6,77,0,0,63,Seattle Sounders
Albert Rusnák,SVK,MF,30,17.6,736,866,85.0,12443,3541,352,382,92.1,274,304,90.1,81,128,63.3,8,3.7,3.8,4.3,38,79,29,4,105,Seattle Sounders
Nouhou Tolo,CMR,DF,27,16.4,799,962,83.1,12480,3700,417,447,93.3,328,379,86.5,34,91,37.4,0,0.6,0.9,-0.6,9,63,6,4,71,Seattle Sounders
Alex Roldan,SLV,DF,27,15.0,795,986,80.6,13453,3706,422,458,92.1,283,342,82.7,80,145,55.2,0,0.6,1.4,-0.6,12,43,16,3,64,Seattle Sounders
Raúl Ruidíaz,PER,FW,33,13.9,304,375,81.1,5016,858,141,158,89.2,124,143,86.7,27,41,65.9,0,1.1,1.1,-1.1,12,26,9,0,50,Seattle Sounders
João Paulo Mior,BRA,MF,33,12.7,871,1020,85.4,14582,4543,435,465,93.5,332,393,84.5,77,120,64.2,1,1.3,1.9,-0.3,20,99,15,2,104,Seattle Sounders
Léo Chú,BRA,FW,24,7.1,128,178,71.9,1702,410,83,100,83.0,34,48,70.8,5,13,38.5,2,1.1,1.1,0.9,10,6,10,3,13,Seattle Sounders
Joshua Atencio,USA,MF,22,9.3,470,596,78.9,7428,2021,245,281,87.2,172,211,81.5,38,70,54.3,0,0.9,0.8,-0.9,9,61,6,1,63,Seattle Sounders
Cody Baker,USA,DF,20,5.3,233,309,75.4,3635,1220,136,152,89.5,83,109,76.1,12,33,36.4,1,0.6,0.8,0.4,6,17,8,2,24,Seattle Sounders
Daniel Musovski,USA,FW,28,5.3,86,114,75.4,1154,245,56,67,83.6,24,33,72.7,2,3,66.7,1,0.6,0.5,0.4,4,6,7,1,12,Seattle Sounders
Andrew Thomas,RUS,GK,25,4.7,64,115,55.7,1954,1473,13,13,100.0,28,28,100.0,23,74,31.1,0,0.0,0.0,0.0,0,2,0,0,0,Seattle Sounders
Jon Bell,JAM,DF,26,3.9,121,148,81.8,2359,1053,40,45,88.9,61,65,93.8,18,31,58.1,0,0.1,0.1,-0.1,1,10,2,1,8,Seattle Sounders
Paul Rothrock,USA,FW,25,5.6,118,176,67.0,1780,366,62,80,77.5,45,62,72.6,6,13,46.2,1,0.7,0.3,0.3,7,5,4,3,14,Seattle Sounders
Reed Baker-Whiting,USA,DF,19,4.6,183,245,74.7,3018,775,100,116,86.2,66,88,75.0,12,31,38.7,0,0.3,0.4,-0.3,4,15,3,3,18,Seattle Sounders
Xavier Arreaga,ECU,DF,29,2.8,159,180,88.3,3707,1739,31,32,96.9,101,104,97.1,27,41,65.9,0,0.0,0.0,0.0,1,11,0,0,10,Seattle Sounders
Danny Leyva,USA,MF,21,2.0,101,128,78.9,1824,515,55,59,93.2,28,32,87.5,14,31,45.2,0,0.4,0.3,-0.4,6,13,1,0,12,Seattle Sounders
Pedro De la Vega,ARG,MF,23,1.9,56,87,64.4,964,312,26,33,78.8,23,36,63.9,6,15,40.0,0,0.0,0.3,0.0,1,3,2,1,8,Seattle Sounders
Sota Kitahara,USA,DF,21,1.6,48,65,73.8,738,257,26,30,86.7,18,25,72.0,2,5,40.0,0,0.0,0.0,0.0,0,4,0,0,4,Seattle Sounders
Georgi Minoungou,CIV,FW,21,1.1,19,27,70.4,251,89,12,14,85.7,7,10,70.0,0,1,0.0,0,0.1,0.1,-0.1,1,0,3,1,2,Seattle Sounders
Dylan Teves,USA,MF,24,1.0,28,36,77.8,325,45,20,21,95.2,6,12,50.0,0,0,,0,0.5,0.3,-0.5,1,1,0,0,1,Seattle Sounders
Nathan Cardoso,BRA,DF,29,0.8,49,53,92.5,956,420,15,18,83.3,33,33,100.0,1,2,50.0,0,0.0,0.0,0.0,0,1,0,0,3,Seattle Sounders
Kalani Rienzi,USA,DF,22,0.1,3,6,50.0,23,14,2,4,50.0,0,1,0.0,0,0,,0,0.0,0.0,0.0,0,1,0,0,0,Seattle Sounders
Antino Lopez,USA,MF,22,0.1,3,5,60.0,44,11,2,2,100.0,1,3,33.3,0,0,,0,0.0,0.0,0.0,0,1,0,0,2,Seattle Sounders
Roman Bürki,SUI,GK,33,21.3,493,713,69.1,14856,11579,82,82,100.0,221,226,97.8,190,402,47.3,0,0.0,0.1,0.0,1,44,1,0,8,St Louis City
Tomas Totland,NOR,DF,25,20.7,674,937,71.9,10910,4840,354,409,86.6,263,345,76.2,47,124,37.9,1,1.6,2.1,-0.6,18,59,28,10,84,St Louis City
Chris Durkin,USA,MF,24,20.4,634,871,72.8,11232,4120,280,335,83.6,265,334,79.3,63,138,45.7,2,1.8,1.7,0.2,19,103,14,4,101,St Louis City
Indiana Vassilev,USA,MF,23,18.0,451,618,73.0,7593,2060,247,290,85.2,130,165,78.8,59,116,50.9,4,3.5,3.4,0.5,35,38,20,6,62,St Louis City
Tim Parker,USA,DF,31,17.9,718,837,85.8,13731,6564,250,279,89.6,389,425,91.5,68,118,57.6,0,0.6,0.5,-0.6,6,75,6,0,71,St Louis City
Klauss,BRA,FW,27,15.9,250,387,64.6,3432,846,143,198,72.2,73,118,61.9,14,21,66.7,3,1.8,1.3,1.2,26,23,17,2,50,St Louis City
Anthony Markanich,PHI,DF,24,14.3,491,682,72.0,7787,3610,255,296,86.1,187,260,71.9,33,82,40.2,0,0.5,0.9,-0.5,8,52,14,3,76,St Louis City
Célio Pompeu,BRA,FW,24,13.8,275,428,64.3,4231,1976,140,173,80.9,97,139,69.8,25,69,36.2,3,2.7,2.5,0.3,35,22,28,5,57,St Louis City
Eduard Löwen,GER,MF,27,10.9,486,697,69.7,8474,3213,235,270,87.0,172,232,74.1,59,136,43.4,2,3.9,4.7,-1.9,33,70,24,5,84,St Louis City
Joakim Nilsson,SWE,DF,30,9.7,357,444,80.4,6066,2871,162,191,84.8,169,200,84.5,21,40,52.5,0,0.1,0.2,-0.1,2,23,2,0,38,St Louis City
Njabulo Blom,RSA,MF,24,8.7,301,362,83.1,4484,1461,178,199,89.4,105,119,88.2,13,24,54.2,0,0.1,0.3,-0.1,3,37,2,0,41,St Louis City
Aziel Jackson,USA,FW,22,8.9,221,295,74.9,3589,1076,124,145,85.5,64,89,71.9,26,42,61.9,0,1.0,1.3,-1.0,12,17,16,2,39,St Louis City
Tomáš Ostrák,CZE,MF,24,7.7,285,333,85.6,4926,1527,122,137,89.1,134,150,89.3,21,28,75.0,0,0.3,0.3,-0.3,4,37,11,1,58,St Louis City
Rasmus Alm,SWE,FW,28,6.0,75,125,60.0,1326,556,28,43,65.1,37,53,69.8,8,14,57.1,2,1.4,1.2,0.6,7,8,10,1,18,St Louis City
Hosei Kijima,JPN,MF,22,7.5,153,206,74.3,2121,859,88,106,83.0,55,65,84.6,4,13,30.8,1,1.1,1.0,-0.1,14,25,12,2,37,St Louis City
Nökkvi Þórisson,ISL,FW,24,8.0,134,199,67.3,1936,469,86,120,71.7,32,46,69.6,11,17,64.7,0,1.3,0.9,-1.3,11,7,6,0,16,St Louis City
Joshua Yaro,GHA,DF,29,7.3,292,345,84.6,5369,2022,108,116,93.1,155,171,90.6,24,43,55.8,0,0.0,0.1,0.0,0,16,0,0,16,St Louis City
Kyle Hiebert,CAN,DF,26,7.2,254,324,78.4,4636,1732,93,107,86.9,134,164,81.7,22,42,52.4,0,0.1,0.2,-0.1,3,22,4,1,19,St Louis City
Akil Watts,USA,DF,24,5.7,247,319,77.4,3873,1616,140,150,93.3,87,113,77.0,17,34,50.0,0,0.3,0.6,-0.3,2,16,7,2,28,St Louis City
Samuel Adeniran,USA,FW,25,6.6,88,124,71.0,1236,216,49,64,76.6,28,41,68.3,5,8,62.5,1,0.8,0.6,0.2,8,8,5,1,9,St Louis City
John Klein,USA,FW,24,4.5,120,161,74.5,1451,308,88,104,84.6,22,30,73.3,4,10,40.0,0,0.6,0.8,-0.6,6,7,6,1,14,St Louis City
Jayden Reid,USA,DF,22,4.0,137,179,76.5,2432,829,60,67,89.6,63,77,81.8,11,20,55.0,1,0.8,0.6,0.2,5,11,7,6,18,St Louis City
Jake Nerwinski,USA,DF,29,2.4,84,109,77.1,1450,824,35,41,85.4,42,50,84.0,5,13,38.5,0,0.0,0.0,0.0,0,9,0,0,8,St Louis City
Michael Wentzel,GER,DF,22,1.9,56,78,71.8,1151,393,11,12,91.7,41,47,87.2,3,17,17.6,0,0.0,0.0,0.0,0,2,0,0,6,St Louis City
Nikolas Dyhr,DEN,DF,23,1.5,53,83,63.9,882,430,31,41,75.6,14,23,60.9,6,11,54.5,0,0.2,0.2,-0.2,1,5,1,1,6,St Louis City
Benjamin Lundt,GER,GK,28,1.7,37,55,67.3,1306,1095,3,3,100.0,18,18,100.0,16,34,47.1,0,0.0,0.0,0.0,0,1,0,0,0,St Louis City
Caden Glover,USA,FW,17,0.4,2,3,66.7,32,0,1,2,50.0,1,1,100.0,0,0,,0,0.0,0.0,0.0,0,0,0,0,0,St Louis City
Brendan McSorley,USA,FW,22,0.1,1,2,50.0,14,0,1,1,100.0,0,1,0.0,0,0,,0,0.0,0.0,0.0,0,0,0,0,0,St Louis City
Cristian Espinoza,ARG,FW,29,22.1,655,1006,65.1,11304,4127,346,415,83.4,207,297,69.7,83,190,43.7,11,8.4,6.0,2.6,62,48,47,21,90,San Jose Earthquakes
Rodrigues,BRA,DF,26,20.6,880,1025,85.9,18055,6861,252,284,88.7,503,545,92.3,113,164,68.9,1,0.7,0.4,0.3,7,54,2,0,75,San Jose Earthquakes
Jackson Yueill,USA,MF,27,19.7,982,1095,89.7,16246,5701,497,522,95.2,395,433,91.2,70,102,68.6,0,2.0,1.7,-2.0,19,109,15,4,113,San Jose Earthquakes
Jeremy Ebobisse,USA,FW,27,16.2,321,409,78.5,4994,942,182,218,83.5,103,119,86.6,26,35,74.3,0,1.9,1.2,-1.9,21,32,10,0,45,San Jose Earthquakes
Vitor Costa,BRA,DF,30,18.1,615,806,76.3,10489,3272,293,333,88.0,259,329,78.7,51,109,46.8,3,1.5,1.0,1.5,12,36,11,3,46,San Jose Earthquakes
William Yarbrough,USA,GK,35,17.0,391,510,76.7,11608,8459,59,59,100.0,191,197,97.0,139,252,55.2,0,0.0,0.0,0.0,0,7,0,0,0,San Jose Earthquakes
Amahl Pellegrino,NOR,FW,34,12.8,215,299,71.9,3262,597,128,154,83.1,67,90,74.4,15,26,57.7,0,0.5,1.0,-0.5,10,9,5,1,20,San Jose Earthquakes
Carlos Gruezo,ECU,MF,29,13.2,393,471,83.4,7492,2199,162,187,86.6,180,200,90.0,48,66,72.7,0,0.2,0.4,-0.2,3,51,5,0,52,San Jose Earthquakes
Niko Tsakiris,USA,MF,19,11.5,384,459,83.7,5944,1627,199,227,87.7,148,169,87.6,21,35,60.0,0,0.7,0.7,-0.7,10,42,8,1,43,San Jose Earthquakes
Carlos Akapo,EQG,DF,31,12.0,523,660,79.2,8895,3498,255,292,87.3,210,260,80.8,49,68,72.1,0,0.3,0.7,-0.3,6,24,11,2,52,San Jose Earthquakes
Tanner Beason,USA,DF,27,12.3,442,533,82.9,8784,3118,152,170,89.4,215,237,90.7,68,109,62.4,0,0.4,0.8,-0.4,3,18,5,1,24,San Jose Earthquakes
Paul Marie,FRA,DF,29,11.5,470,592,79.4,7753,2966,236,261,90.4,192,225,85.3,35,83,42.2,0,1.3,1.0,-1.3,10,39,11,4,53,San Jose Earthquakes
Hernán López Muñoz,ARG,MF,23,11.2,248,369,67.2,4674,1975,95,119,79.8,110,138,79.7,35,91,38.5,2,2.4,2.1,-0.4,26,48,24,3,69,San Jose Earthquakes
Bruno Wilson,POR,DF,27,9.6,352,418,84.2,7356,2772,88,94,93.6,218,235,92.8,43,79,54.4,2,0.8,0.1,1.2,5,14,1,0,17,San Jose Earthquakes
Benjamin Kikanovic,USA,FW,24,9.6,196,270,72.6,2850,841,121,146,82.9,53,74,71.6,16,25,64.0,0,1.1,0.7,-1.1,11,14,5,2,19,San Jose Earthquakes
Daniel Munie,USA,DF,24,7.9,323,414,78.0,6476,2908,105,118,89.0,176,203,86.7,39,84,46.4,0,0.0,0.1,0.0,0,17,0,0,25,San Jose Earthquakes
Preston Judd,USA,FW,25,7.0,73,115,63.5,1109,318,37,55,67.3,28,42,66.7,5,10,50.0,0,1.0,0.7,-1.0,7,9,7,1,14,San Jose Earthquakes
Jack Skahan,USA,MF,26,6.8,146,201,72.6,2424,708,71,88,80.7,56,69,81.2,17,27,63.0,1,1.6,2.3,-0.6,14,18,5,3,24,San Jose Earthquakes
Alfredo Morales,USA,MF,34,5.7,217,272,79.8,3584,1250,95,110,86.4,102,115,88.7,15,28,53.6,0,0.4,0.4,-0.4,5,25,2,0,27,San Jose Earthquakes
Daniel,BRA,GK,30,4.0,107,129,82.9,2480,1611,27,27,100.0,53,55,96.4,25,45,55.6,0,0.1,0.3,-0.1,1,1,0,0,0,San Jose Earthquakes
Jacob Jackson,USA,GK,24,2.0,58,70,82.9,1327,688,11,11,100.0,37,37,100.0,9,21,42.9,0,0.0,0.0,0.0,0,0,0,0,0,San Jose Earthquakes
Ousseni Bouda,BFA,FW,24,0.8,18,29,62.1,289,60,7,9,77.8,10,13,76.9,1,2,50.0,0,0.0,0.0,0.0,0,2,0,0,3,San Jose Earthquakes
Jamar Ricketts,USA,MF,22,0.4,0,0,,0,0,0,0,,0,0,,0,0,,0,0.0,0.0,0.0,0,0,0,0,0,San Jose Earthquakes
Tommy Thompson,USA,DF,28,0.3,21,22,95.5,276,100,15,15,100.0,6,6,100.0,0,0,,0,0.0,0.0,0.0,0,1,1,0,2,San Jose Earthquakes
Michael Baldisimo,PHI,MF,24,0.1,4,5,80.0,67,19,1,2,50.0,3,3,100.0,0,0,,0,0.0,0.0,0.0,0,1,0,0,2,San Jose Earthquakes
Nemanja Radoja,SRB,MF,31,21.1,1069,1224,87.3,19887,5389,412,455,90.5,532,582,91.4,110,145,75.9,3,1.5,0.9,1.5,14,111,4,0,102,Sporting Kansas City
Tim Melia,USA,GK,38,21.0,473,690,68.6,12812,9009,86,87,98.9,250,257,97.3,136,345,39.4,0,0.0,0.0,0.0,1,12,0,0,0,Sporting Kansas City
Jake Davis,USA,DF,22,19.7,936,1182,79.2,15977,5817,423,472,89.6,414,505,82.0,79,142,55.6,1,1.3,1.5,-0.3,21,91,20,8,93,Sporting Kansas City
Erik Thommy,GER,MF,29,19.0,641,799,80.2,10202,1987,342,375,91.2,221,258,85.7,52,91,57.1,3,2.2,1.9,0.8,25,55,19,5,76,Sporting Kansas City
Daniel Rosero,COL,DF,30,17.0,791,910,86.9,16114,5564,234,263,89.0,441,465,94.8,109,157,69.4,0,0.1,0.2,-0.1,2,28,1,0,33,Sporting Kansas City
Tim Leibold,GER,DF,30,17.1,969,1160,83.5,15629,5146,493,548,90.0,384,441,87.1,68,110,61.8,1,2.0,1.8,-1.0,15,89,21,3,107,Sporting Kansas City
Alan Pulido,MEX,FW,33,16.3,391,481,81.3,5810,895,198,228,86.8,139,164,84.8,22,29,75.9,2,1.4,0.9,0.6,21,22,8,2,47,Sporting Kansas City
Dániel Sallói,HUN,FW,27,16.5,390,546,71.4,5808,1599,228,270,84.4,115,156,73.7,32,72,44.4,3,1.6,2.1,1.4,17,37,15,3,49,Sporting Kansas City
Andreu Fontàs,ESP,DF,34,14.2,925,1052,87.9,19292,8197,276,298,92.6,507,547,92.7,131,186,70.4,1,0.6,0.5,0.4,6,75,4,1,56,Sporting Kansas City
Memo Rodriguez,USA,MF,28,13.3,563,705,79.9,10802,3363,259,281,92.2,209,257,81.3,84,143,58.7,5,2.0,2.5,3.0,19,69,10,1,74,Sporting Kansas City
Johnny Russell, SCO,FW,34,14.4,405,545,74.3,7008,2057,196,227,86.3,138,173,79.8,53,106,50.0,3,2.7,2.5,0.3,21,30,10,5,44,Sporting Kansas City
William Agada,NGA,FW,24,12.1,201,270,74.4,3114,349,106,133,79.7,67,91,73.6,15,19,78.9,2,1.4,0.9,0.6,16,8,4,1,18,Sporting Kansas City
Robert Voloder,BIH,DF,23,10.6,447,529,84.5,9213,3239,133,144,92.4,252,271,93.0,57,103,55.3,1,0.6,0.4,0.4,2,38,1,0,31,Sporting Kansas City
Rémi Walter,FRA,MF,29,8.5,395,441,89.6,7208,1387,154,165,93.3,192,207,92.8,42,52,80.8,0,0.4,0.4,-0.4,7,44,0,0,41,Sporting Kansas City
Robert Castellanos,USA,DF,26,7.3,382,436,87.6,7962,2622,98,109,89.9,235,245,95.9,47,69,68.1,0,0.0,0.0,0.0,0,12,0,0,15,Sporting Kansas City
Zorhan Bassong,CAN,DF,25,6.9,311,390,79.7,5240,2102,154,176,87.5,128,149,85.9,23,49,46.9,1,2.0,1.2,-1.0,10,16,14,9,28,Sporting Kansas City
Kayden Pierre,USA,DF,21,4.5,187,228,82.0,3207,1190,91,101,90.1,78,95,82.1,17,22,77.3,1,0.1,0.1,0.9,3,18,0,0,14,Sporting Kansas City
Alenis Vargas,HON,FW,20,5.0,93,127,73.2,1367,278,54,58,93.1,28,43,65.1,7,11,63.6,1,1.4,1.0,-0.4,5,4,4,1,11,Sporting Kansas City
Stephen Afrifa,CAN,FW,23,4.2,87,119,73.1,1207,298,55,68,80.9,29,37,78.4,2,8,25.0,0,0.3,0.3,-0.3,3,9,0,0,8,Sporting Kansas City
Marinos Tzionis,CYP,FW,22,3.1,76,93,81.7,1096,223,50,56,89.3,17,22,77.3,6,7,85.7,0,0.2,0.2,-0.2,4,3,1,1,5,Sporting Kansas City
Khiry Shelton,USA,DF,31,5.1,248,278,89.2,4091,1135,116,124,93.5,109,117,93.2,17,25,68.0,2,0.3,0.5,1.7,5,17,5,0,26,Sporting Kansas City
John Pulskamp,USA,GK,23,3.0,52,78,66.7,1564,1267,14,14,100.0,19,23,82.6,19,40,47.5,0,0.0,0.0,0.0,0,1,0,0,0,Sporting Kansas City
Felipe Hernandez,USA,MF,26,4.2,128,158,81.0,2098,463,57,65,87.7,53,62,85.5,11,18,61.1,0,0.1,0.1,-0.1,3,15,2,0,14,Sporting Kansas City
Maarten Paes,NED,GK,26,23.0,623,779,80.0,14706,10185,187,187,100.0,287,297,96.6,147,290,50.7,0,0.0,0.0,0.0,0,11,0,0,1,FC Dallas
Sebastien Ibeagha,USA,DF,32,20.0,844,1028,82.1,14439,7185,399,435,91.7,366,415,88.2,65,140,46.4,0,0.1,0.1,-0.1,3,46,0,0,38,FC Dallas
Petar Musa,CRO,FW,26,19.7,310,455,68.1,4713,1049,174,231,75.3,93,127,73.2,24,38,63.2,2,1.7,1.3,0.3,17,28,5,2,40,FC Dallas
Sam Junqua,USA,DF,27,19.0,930,1117,83.3,15113,5742,490,532,92.1,370,418,88.5,59,133,44.4,1,0.8,0.8,0.2,5,52,6,3,45,FC Dallas
Nkosi Tafari,USA,DF,27,18.3,870,1020,85.3,17043,7478,342,362,94.5,428,467,91.6,98,175,56.0,0,0.5,0.5,-0.5,3,56,7,0,54,FC Dallas
Paul Arriola,USA,DF,29,17.8,529,710,74.5,8225,2709,304,359,84.7,173,226,76.5,38,81,46.9,1,1.9,2.2,-0.9,21,43,23,7,67,FC Dallas
Liam Fraser,CAN,MF,26,15.3,760,897,84.7,12536,4502,392,427,91.8,284,320,88.8,62,107,57.9,1,0.1,0.7,0.9,3,93,8,1,68,FC Dallas
Asier Illarramendi,ESP,MF,34,13.8,927,1039,89.2,15066,4648,455,480,94.8,381,416,91.6,63,91,69.2,3,1.6,1.9,1.4,21,107,25,5,106,FC Dallas
Marco Farfan,USA,DF,25,11.6,399,470,84.9,5844,1687,238,252,94.4,127,156,81.4,18,28,64.3,1,0.5,0.6,0.5,4,16,9,4,34,FC Dallas
Ema Twumasi,GHA,DF,27,11.3,471,544,86.6,6815,1748,275,293,93.9,173,194,89.2,13,30,43.3,1,1.3,0.6,-0.3,9,20,8,1,26,FC Dallas
Patrickson Delgado,ECU,MF,20,11.0,426,526,81.0,6716,1713,225,246,91.5,144,172,83.7,33,67,49.3,2,0.8,0.7,1.2,17,41,2,0,38,FC Dallas
Sebastian Lletget,USA,MF,31,11.7,608,694,87.6,9381,2751,329,341,96.5,217,246,88.2,40,70,57.1,4,1.8,2.2,2.2,24,49,13,6,58,FC Dallas
Bernard Kamungo,USA,MF,22,9.9,204,264,77.3,2956,627,112,135,83.0,69,84,82.1,11,19,57.9,2,1.1,1.1,0.9,7,12,11,3,18,FC Dallas
Dante Sealy,USA,DF,21,9.5,248,328,75.6,3749,847,138,157,87.9,97,127,76.4,12,30,40.0,0,0.6,0.7,-0.6,7,6,10,4,19,FC Dallas
Jesús Ferreira,USA,MF,23,9.0,338,446,75.8,5151,1475,180,208,86.5,117,151,77.5,25,50,50.0,2,1.1,2.2,0.9,16,28,16,1,51,FC Dallas
Omar Gonzalez,USA,DF,35,7.8,411,440,93.4,6758,2928,210,214,98.1,172,180,95.6,27,43,62.8,0,0.0,0.1,0.0,1,5,0,0,12,FC Dallas
Tsiki Ntsabeleng,RSA,MF,26,6.6,252,304,82.9,3713,1049,151,168,89.9,86,99,86.9,10,23,43.5,1,0.5,0.8,0.5,9,27,9,0,35,FC Dallas
Logan Farrington,USA,FW,22,7.5,143,201,71.1,1843,454,89,115,77.4,42,60,70.0,2,5,40.0,3,2.7,1.5,0.3,13,12,11,2,20,FC Dallas
Eugene Ansah,GHA,FW,29,4.4,68,90,75.6,929,119,37,41,90.2,24,30,80.0,3,12,25.0,0,1.0,1.0,-1.0,9,3,3,0,7,FC Dallas
Nolan Norris,USA,MF,19,2.2,89,102,87.3,1422,407,49,51,96.1,33,37,89.2,5,8,62.5,0,0.0,0.0,0.0,2,6,0,0,9,FC Dallas
Tomas Pondeca,USA,MF,22,1.3,25,31,80.6,369,138,13,13,100.0,9,12,75.0,1,2,50.0,0,0.2,0.0,-0.2,2,1,1,0,3,FC Dallas
Herbert Endeley,USA,MF,22,1.3,35,44,79.5,574,125,18,19,94.7,14,19,73.7,2,3,66.7,0,0.3,0.3,-0.3,2,3,1,1,2,FC Dallas
Carle-Fred Sainte,HAI,MF,21,0.5,25,29,86.2,344,33,16,19,84.2,6,7,85.7,1,1,100.0,0,0.0,0.0,0.0,1,0,0,0,0,FC Dallas
Tarik Scott,USA,FW,19,0.4,15,23,65.2,204,34,9,10,90.0,5,8,62.5,1,2,50.0,0,0.0,0.0,0.0,0,1,1,1,1,FC Dallas
Paxton Pomykal,USA,MF,24,0.1,11,12,91.7,128,51,7,8,87.5,3,3,100.0,0,0,,0,0.0,0.0,0.0,0,2,0,0,2,FC Dallas
